typeCode,freqCode,refPeriodId,refYear,refMonth,period,reporterCode,reporterISO,reporterDesc,flowCode,flowDesc,partnerCode,partnerISO,partnerDesc,partner2Code,partner2ISO,partner2Desc,classificationCode,classificationSearchCode,isOriginalClassification,cmdCode,cmdDesc,aggrLevel,isLeaf,customsCode,customsDesc,mosCode,motCode,motDesc,qtyUnitCode,qtyUnitAbbr,qty,isQtyEstimated,altQtyUnitCode,altQtyUnitAbbr,altQty,isAltQtyEstimated,netWgt,isNetWgtEstimated,grossWgt,isGrossWgtEstimated,cifvalue,fobvalue,primaryValue,legacyEstimationFlag,isReported,isAggregate
"C","A","20200101","2020","52","2020","699","IND","India","X","Export","0","W00","World","0","W00","World","H5","HS","true","01","Animals; live","2","false","C00","TOTAL CPC","0","0","TOTAL MOT","-1","N/A","0","false","-1","N/A","0","false","0","true","0","false","0","5349619.944","5349619.944","4","false","true",
"C","A","20200101","2020","52","2020","699","IND","India","X","Export","0","W00","World","0","W00","World","H5","HS","true","05","Animal originated products; not elsewhere specified or included","2","false","C00","TOTAL CPC","0","0","TOTAL MOT","-1","N/A","0","false","-1","N/A","0","false","0","true","0","false","0","97367476.32","97367476.32","4","false","true",
"C","A","20200101","2020","52","2020","699","IND","India","X","Export","0","W00","World","0","W00","World","H5","HS","true","22","Beverages, spirits and vinegar","2","false","C00","TOTAL CPC","0","0","TOTAL MOT","-1","N/A","0","false","-1","N/A","0","false","0","true","0","false","0","331467720.109","331467720.109","4","false","true",
"C","A","20200101","2020","52","2020","699","IND","India","X","Export","0","W00","World","0","W00","World","H5","HS","true","24","Tobacco and manufactured tobacco substitutes","2","false","C00","TOTAL CPC","0","0","TOTAL MOT","-1","N/A","0","false","-1","N/A","0","false","0","true","0","false","0","847752922.441","847752922.441","4","false","true",
"C","A","20200101","2020","52","2020","699","IND","India","X","Export","0","W00","World","0","W00","World","H5","HS","true","37","Photographic or cinematographic goods","2","false","C00","TOTAL CPC","0","0","TOTAL MOT","-1","N/A","0","false","-1","N/A","0","false","0","true","0","false","0","10650278.767","10650278.767","4","false","true",
"C","A","20200101","2020","52","2020","699","IND","India","X","Export","0","W00","World","0","W00","World","H5","HS","true","42","Articles of leather; saddlery and harness; travel goods, handbags and similar containers; articles of animal gut (other than silk-worm gut)","2","false","C00","TOTAL CPC","0","0","TOTAL MOT","-1","N/A","0","false","-1","N/A","0","false","0","true","0","false","0","1855789897.416","1855789897.416","4","false","true",
"C","A","20200101","2020","52","2020","699","IND","India","X","Export","0","W00","World","0","W00","World","H5","HS","true","53","Vegetable textile fibres; paper yarn and woven fabrics of paper yarn","2","false","C00","TOTAL CPC","0","0","TOTAL MOT","-1","N/A","0","false","-1","N/A","0","false","0","true","0","false","0","478077022.38","478077022.38","4","false","true",
"C","A","20200101","2020","52","2020","699","IND","India","X","Export","0","W00","World","0","W00","World","H5","HS","true","54","Man-made filaments; strip and the like of man-made textile materials","2","false","C00","TOTAL CPC","0","0","TOTAL MOT","-1","N/A","0","false","-1","N/A","0","false","0","true","0","false","0","1634717650.281","1634717650.281","4","false","true",
"C","A","20200101","2020","52","2020","699","IND","India","X","Export","0","W00","World","0","W00","World","H5","HS","true","57","Carpets and other textile floor coverings","2","false","C00","TOTAL CPC","0","0","TOTAL MOT","-1","N/A","0","false","-1","N/A","0","false","0","true","0","false","0","1689060036.02","1689060036.02","4","false","true",
"C","A","20200101","2020","52","2020","699","IND","India","X","Export","0","W00","World","0","W00","World","H5","HS","true","82","Tools, implements, cutlery, spoons and forks, of base metal; parts thereof, of base metal","2","false","C00","TOTAL CPC","0","0","TOTAL MOT","-1","N/A","0","false","-1","N/A","0","false","0","true","0","false","0","775577385.984","775577385.984","4","false","true",
"C","A","20200101","2020","52","2020","699","IND","India","X","Export","0","W00","World","0","W00","World","H5","HS","true","83","Metal; miscellaneous products of base metal","2","false","C00","TOTAL CPC","0","0","TOTAL MOT","-1","N/A","0","false","-1","N/A","0","false","0","true","0","false","0","610883421.699","610883421.699","4","false","true",
"C","A","20200101","2020","52","2020","699","IND","India","X","Export","0","W00","World","0","W00","World","H5","HS","true","85","Electrical machinery and equipment and parts thereof; sound recorders and reproducers; television image and sound recorders and reproducers, parts and accessories of such articles","2","false","C00","TOTAL CPC","0","0","TOTAL MOT","-1","N/A","0","false","-1","N/A","0","false","0","true","0","false","0","13464975521.829","13464975521.829","4","false","true",
"C","A","20200101","2020","52","2020","699","IND","India","X","Export","0","W00","World","0","W00","World","H5","HS","true","86","Railway, tramway locomotives, rolling-stock and parts thereof; railway or tramway track fixtures and fittings and parts thereof; mechanical (including electro-mechanical) traffic signalling equipment of all kinds","2","false","C00","TOTAL CPC","0","0","TOTAL MOT","-1","N/A","0","false","-1","N/A","0","false","0","true","0","false","0","109590761.614","109590761.614","4","false","true",
"C","A","20200101","2020","52","2020","699","IND","India","X","Export","0","W00","World","0","W00","World","H5","HS","true","88","Aircraft, spacecraft and parts thereof","2","false","C00","TOTAL CPC","0","0","TOTAL MOT","-1","N/A","0","false","-1","N/A","0","false","0","true","0","false","0","1219689988.287","1219689988.287","4","false","true",
"C","A","20200101","2020","52","2020","699","IND","India","X","Export","0","W00","World","0","W00","World","H5","HS","true","89","Ships, boats and floating structures","2","false","C00","TOTAL CPC","0","0","TOTAL MOT","-1","N/A","0","false","-1","N/A","0","false","0","true","0","false","0","4389576439.354","4389576439.354","4","false","true",
"C","A","20200101","2020","52","2020","699","IND","India","X","Export","0","W00","World","0","W00","World","H5","HS","true","90","Optical, photographic, cinematographic, measuring, checking, medical or surgical instruments and apparatus; parts and accessories","2","false","C00","TOTAL CPC","0","0","TOTAL MOT","-1","N/A","0","false","-1","N/A","0","false","0","true","0","false","0","3103411200.031","3103411200.031","4","false","true",
"C","A","20200101","2020","52","2020","699","IND","India","X","Export","0","W00","World","0","W00","World","H5","HS","true","91","Clocks and watches and parts thereof","2","false","C00","TOTAL CPC","0","0","TOTAL MOT","-1","N/A","0","false","-1","N/A","0","false","0","true","0","false","0","71224303.509","71224303.509","4","false","true",
"C","A","20200101","2020","52","2020","699","IND","India","X","Export","0","W00","World","0","W00","World","H5","HS","true","92","Musical instruments; parts and accessories of such articles","2","false","C00","TOTAL CPC","0","0","TOTAL MOT","-1","N/A","0","false","-1","N/A","0","false","0","true","0","false","0","22999212.69","22999212.69","4","false","true",
"C","A","20200101","2020","52","2020","699","IND","India","X","Export","0","W00","World","0","W00","World","H5","HS","true","93","Arms and ammunition; parts and accessories thereof","2","false","C00","TOTAL CPC","0","0","TOTAL MOT","-1","N/A","0","false","-1","N/A","0","false","0","true","0","false","0","220911639.511","220911639.511","4","false","true",
"C","A","20200101","2020","52","2020","699","IND","India","X","Export","0","W00","World","0","W00","World","H5","HS","true","97","Works of art; collectors' pieces and antiques","2","false","C00","TOTAL CPC","0","0","TOTAL MOT","-1","N/A","0","false","-1","N/A","0","false","0","true","0","false","0","53673979.373","53673979.373","4","false","true",
"C","A","20200101","2020","52","2020","699","IND","India","X","Export","0","W00","World","0","W00","World","H5","HS","true","02","Meat and edible meat offal","2","false","C00","TOTAL CPC","0","0","TOTAL MOT","-1","N/A","0","false","-1","N/A","0","false","0","false","0","false","0","3106055895.238","3106055895.238","0","false","true",
"C","A","20200101","2020","52","2020","699","IND","India","X","Export","0","W00","World","0","W00","World","H5","HS","true","99","Commodities not specified according to kind","2","false","C00","TOTAL CPC","0","0","TOTAL MOT","-1","N/A","0","false","-1","N/A","0","false","0","false","0","false","0","99582162.036","99582162.036","0","false","true",
"C","A","20200101","2020","52","2020","699","IND","India","X","Export","0","W00","World","0","W00","World","H5","HS","true","06","Trees and other plants, live; bulbs, roots and the like; cut flowers and ornamental foliage","2","false","C00","TOTAL CPC","0","0","TOTAL MOT","-1","N/A","0","false","-1","N/A","0","false","0","true","0","false","0","73232482.772","73232482.772","4","false","true",
"C","A","20200101","2020","52","2020","699","IND","India","X","Export","0","W00","World","0","W00","World","H5","HS","true","69","Ceramic products","2","false","C00","TOTAL CPC","0","0","TOTAL MOT","-1","N/A","0","false","-1","N/A","0","false","0","true","0","false","0","1999112631.744","1999112631.744","4","false","true",
"C","A","20200101","2020","52","2020","699","IND","India","X","Export","0","W00","World","0","W00","World","H5","HS","true","03","Fish and crustaceans, molluscs and other aquatic invertebrates","2","false","C00","TOTAL CPC","0","0","TOTAL MOT","-1","N/A","0","false","-1","N/A","0","false","0","true","0","false","0","5150001455.44","5150001455.44","4","false","true",
"C","A","20200101","2020","52","2020","699","IND","India","X","Export","0","W00","World","0","W00","World","H5","HS","true","04","Dairy produce; birds' eggs; natural honey; edible products of animal origin, not elsewhere specified or included","2","false","C00","TOTAL CPC","0","0","TOTAL MOT","-1","N/A","0","false","-1","N/A","0","false","0","true","0","false","0","319229171.761","319229171.761","4","false","true",
"C","A","20200101","2020","52","2020","699","IND","India","X","Export","0","W00","World","0","W00","World","H5","HS","true","07","Vegetables and certain roots and tubers; edible","2","false","C00","TOTAL CPC","0","0","TOTAL MOT","-1","N/A","0","false","-1","N/A","0","false","0","true","0","false","0","1221587700.474","1221587700.474","4","false","true",
"C","A","20200101","2020","52","2020","699","IND","India","X","Export","0","W00","World","0","W00","World","H5","HS","true","08","Fruit and nuts, edible; peel of citrus fruit or melons","2","false","C00","TOTAL CPC","0","0","TOTAL MOT","-1","N/A","0","false","-1","N/A","0","false","0","true","0","false","0","1313527204.278","1313527204.278","4","false","true",
"C","A","20200101","2020","52","2020","699","IND","India","X","Export","0","W00","World","0","W00","World","H5","HS","true","09","Coffee, tea, mate and spices","2","false","C00","TOTAL CPC","0","0","TOTAL MOT","-1","N/A","0","false","-1","N/A","0","false","0","true","0","false","0","3657425552.899","3657425552.899","4","false","true",
"C","A","20200101","2020","52","2020","699","IND","India","X","Export","0","W00","World","0","W00","World","H5","HS","true","10","Cereals","2","false","C00","TOTAL CPC","0","0","TOTAL MOT","-1","N/A","0","false","-1","N/A","0","false","0","true","0","false","0","8671983640.815","8671983640.815","4","false","true",
"C","A","20200101","2020","52","2020","699","IND","India","X","Export","0","W00","World","0","W00","World","H5","HS","true","11","Products of the milling industry; malt, starches, inulin, wheat gluten","2","false","C00","TOTAL CPC","0","0","TOTAL MOT","-1","N/A","0","false","-1","N/A","0","false","0","true","0","false","0","382601394.04","382601394.04","4","false","true",
"C","A","20200101","2020","52","2020","699","IND","India","X","Export","0","W00","World","0","W00","World","H5","HS","true","12","Oil seeds and oleaginous fruits; miscellaneous grains, seeds and fruit, industrial or medicinal plants; straw and fodder","2","false","C00","TOTAL CPC","0","0","TOTAL MOT","-1","N/A","0","false","-1","N/A","0","false","0","true","0","false","0","1824145535.977","1824145535.977","4","false","true",
"C","A","20200101","2020","52","2020","699","IND","India","X","Export","0","W00","World","0","W00","World","H5","HS","true","13","Lac; gums, resins and other vegetable saps and extracts","2","false","C00","TOTAL CPC","0","0","TOTAL MOT","-1","N/A","0","false","-1","N/A","0","false","0","true","0","false","0","724650785.036","724650785.036","4","false","true",
"C","A","20200101","2020","52","2020","699","IND","India","X","Export","0","W00","World","0","W00","World","H5","HS","true","14","Vegetable plaiting materials; vegetable products not elsewhere specified or included","2","false","C00","TOTAL CPC","0","0","TOTAL MOT","-1","N/A","0","false","-1","N/A","0","false","0","true","0","false","0","41978501.274","41978501.274","4","false","true",
"C","A","20200101","2020","52","2020","699","IND","India","X","Export","0","W00","World","0","W00","World","H5","HS","true","15","Animal or vegetable fats and oils and their cleavage products; prepared animal fats; animal or vegetable waxes","2","false","C00","TOTAL CPC","0","0","TOTAL MOT","-1","N/A","0","false","-1","N/A","0","false","0","true","0","false","0","1411056198.906","1411056198.906","4","false","true",
"C","A","20200101","2020","52","2020","699","IND","India","X","Export","0","W00","World","0","W00","World","H5","HS","true","16","Meat, fish or crustaceans, molluscs or other aquatic invertebrates; preparations thereof","2","false","C00","TOTAL CPC","0","0","TOTAL MOT","-1","N/A","0","false","-1","N/A","0","false","0","true","0","false","0","598251389.771","598251389.771","4","false","true",
"C","A","20200101","2020","52","2020","699","IND","India","X","Export","0","W00","World","0","W00","World","H5","HS","true","17","Sugars and sugar confectionery","2","false","C00","TOTAL CPC","0","0","TOTAL MOT","-1","N/A","0","false","-1","N/A","0","false","0","true","0","false","0","2763937519.159","2763937519.159","4","false","true",
"C","A","20200101","2020","52","2020","699","IND","India","X","Export","0","W00","World","0","W00","World","H5","HS","true","18","Cocoa and cocoa preparations","2","false","C00","TOTAL CPC","0","0","TOTAL MOT","-1","N/A","0","false","-1","N/A","0","false","0","true","0","false","0","143549103.445","143549103.445","4","false","true",
"C","A","20200101","2020","52","2020","699","IND","India","X","Export","0","W00","World","0","W00","World","H5","HS","true","19","Preparations of cereals, flour, starch or milk; pastrycooks' products","2","false","C00","TOTAL CPC","0","0","TOTAL MOT","-1","N/A","0","false","-1","N/A","0","false","0","true","0","false","0","567460447.783","567460447.783","4","false","true",
"C","A","20200101","2020","52","2020","699","IND","India","X","Export","0","W00","World","0","W00","World","H5","HS","true","20","Preparations of vegetables, fruit, nuts or other parts of plants","2","false","C00","TOTAL CPC","0","0","TOTAL MOT","-1","N/A","0","false","-1","N/A","0","false","0","true","0","false","0","677097078.612","677097078.612","4","false","true",
"C","A","20200101","2020","52","2020","699","IND","India","X","Export","0","W00","World","0","W00","World","H5","HS","true","21","Miscellaneous edible preparations","2","false","C00","TOTAL CPC","0","0","TOTAL MOT","-1","N/A","0","false","-1","N/A","0","false","0","true","0","false","0","862490877.93","862490877.93","4","false","true",
"C","A","20200101","2020","52","2020","699","IND","India","X","Export","0","W00","World","0","W00","World","H5","HS","true","23","Food industries, residues and wastes thereof; prepared animal fodder","2","false","C00","TOTAL CPC","0","0","TOTAL MOT","-1","N/A","0","false","-1","N/A","0","false","0","true","0","false","0","1474218635.6","1474218635.6","4","false","true",
"C","A","20200101","2020","52","2020","699","IND","India","X","Export","0","W00","World","0","W00","World","H5","HS","true","25","Salt; sulphur; earths, stone; plastering materials, lime and cement","2","false","C00","TOTAL CPC","0","0","TOTAL MOT","-1","N/A","0","false","-1","N/A","0","false","0","true","0","false","0","1835618908.956","1835618908.956","4","false","true",
"C","A","20200101","2020","52","2020","699","IND","India","X","Export","0","W00","World","0","W00","World","H5","HS","true","26","Ores, slag and ash","2","false","C00","TOTAL CPC","0","0","TOTAL MOT","-1","N/A","0","false","-1","N/A","0","false","0","true","0","false","0","4205513248.751","4205513248.751","4","false","true",
"C","A","20200101","2020","52","2020","699","IND","India","X","Export","0","W00","World","0","W00","World","H5","HS","true","27","Mineral fuels, mineral oils and products of their distillation; bituminous substances; mineral waxes","2","false","C00","TOTAL CPC","0","0","TOTAL MOT","-1","N/A","0","false","-1","N/A","0","false","0","true","0","false","0","27634362826.602","27634362826.602","4","false","true",
"C","A","20200101","2020","52","2020","699","IND","India","X","Export","0","W00","World","0","W00","World","H5","HS","true","28","Inorganic chemicals; organic and inorganic compounds of precious metals; of rare earth metals, of radio-active elements and of isotopes","2","false","C00","TOTAL CPC","0","0","TOTAL MOT","-1","N/A","0","false","-1","N/A","0","false","0","true","0","false","0","1612300323.177","1612300323.177","4","false","true",
"C","A","20200101","2020","52","2020","699","IND","India","X","Export","0","W00","World","0","W00","World","H5","HS","true","29","Organic chemicals","2","false","C00","TOTAL CPC","0","0","TOTAL MOT","-1","N/A","0","false","-1","N/A","0","false","0","true","0","false","0","17426849883.152","17426849883.152","4","false","true",
"C","A","20200101","2020","52","2020","699","IND","India","X","Export","0","W00","World","0","W00","World","H5","HS","true","30","Pharmaceutical products","2","false","C00","TOTAL CPC","0","0","TOTAL MOT","-1","N/A","0","false","-1","N/A","0","false","0","true","0","false","0","18426747733.93","18426747733.93","4","false","true",
"C","A","20200101","2020","52","2020","699","IND","India","X","Export","0","W00","World","0","W00","World","H5","HS","true","31","Fertilizers","2","false","C00","TOTAL CPC","0","0","TOTAL MOT","-1","N/A","0","false","-1","N/A","0","false","0","true","0","false","0","117841381.641","117841381.641","4","false","true",
"C","A","20200101","2020","52","2020","699","IND","India","X","Export","0","W00","World","0","W00","World","H5","HS","true","32","Tanning or dyeing extracts; tannins and their derivatives; dyes, pigments and other colouring matter; paints, varnishes; putty, other mastics; inks","2","false","C00","TOTAL CPC","0","0","TOTAL MOT","-1","N/A","0","false","-1","N/A","0","false","0","true","0","false","0","2924224187.109","2924224187.109","4","false","true",
"C","A","20200101","2020","52","2020","699","IND","India","X","Export","0","W00","World","0","W00","World","H5","HS","true","33","Essential oils and resinoids; perfumery, cosmetic or toilet preparations","2","false","C00","TOTAL CPC","0","0","TOTAL MOT","-1","N/A","0","false","-1","N/A","0","false","0","true","0","false","0","1841514555.525","1841514555.525","4","false","true",
"C","A","20200101","2020","52","2020","699","IND","India","X","Export","0","W00","World","0","W00","World","H5","HS","true","34","Soap, organic surface-active agents; washing, lubricating, polishing or scouring preparations; artificial or prepared waxes, candles and similar articles, modelling pastes, dental waxes and dental preparations with a basis of plaster","2","false","C00","TOTAL CPC","0","0","TOTAL MOT","-1","N/A","0","false","-1","N/A","0","false","0","true","0","false","0","665918356.639","665918356.639","4","false","true",
"C","A","20200101","2020","52","2020","699","IND","India","X","Export","0","W00","World","0","W00","World","H5","HS","true","35","Albuminoidal substances; modified starches; glues; enzymes","2","false","C00","TOTAL CPC","0","0","TOTAL MOT","-1","N/A","0","false","-1","N/A","0","false","0","true","0","false","0","229235969.624","229235969.624","4","false","true",
"C","A","20200101","2020","52","2020","699","IND","India","X","Export","0","W00","World","0","W00","World","H5","HS","true","36","Explosives; pyrotechnic products; matches; pyrophoric alloys; certain combustible preparations","2","false","C00","TOTAL CPC","0","0","TOTAL MOT","-1","N/A","0","false","-1","N/A","0","false","0","true","0","false","0","119262644.72","119262644.72","4","false","true",
"C","A","20200101","2020","52","2020","699","IND","India","X","Export","0","W00","World","0","W00","World","H5","HS","true","38","Chemical products n.e.c.","2","false","C00","TOTAL CPC","0","0","TOTAL MOT","-1","N/A","0","false","-1","N/A","0","false","0","true","0","false","0","4888870765.831","4888870765.831","4","false","true",
"C","A","20200101","2020","52","2020","699","IND","India","X","Export","0","W00","World","0","W00","World","H5","HS","true","39","Plastics and articles thereof","2","false","C00","TOTAL CPC","0","0","TOTAL MOT","-1","N/A","0","false","-1","N/A","0","false","0","true","0","false","0","6598432485.367","6598432485.367","4","false","true",
"C","A","20200101","2020","52","2020","699","IND","India","X","Export","0","W00","World","0","W00","World","H5","HS","true","40","Rubber and articles thereof","2","false","C00","TOTAL CPC","0","0","TOTAL MOT","-1","N/A","0","false","-1","N/A","0","false","0","true","0","false","0","2976005439.217","2976005439.217","4","false","true",
"C","A","20200101","2020","52","2020","699","IND","India","X","Export","0","W00","World","0","W00","World","H5","HS","true","41","Raw hides and skins (other than furskins) and leather","2","false","C00","TOTAL CPC","0","0","TOTAL MOT","-1","N/A","0","false","-1","N/A","0","false","0","true","0","false","0","374600677.169","374600677.169","4","false","true",
"C","A","20200101","2020","52","2020","699","IND","India","X","Export","0","W00","World","0","W00","World","H5","HS","true","43","Furskins and artificial fur; manufactures thereof","2","false","C00","TOTAL CPC","0","0","TOTAL MOT","-1","N/A","0","false","-1","N/A","0","false","0","true","0","false","0","12220401.865","12220401.865","4","false","true",
"C","A","20200101","2020","52","2020","699","IND","India","X","Export","0","W00","World","0","W00","World","H5","HS","true","44","Wood and articles of wood; wood charcoal","2","false","C00","TOTAL CPC","0","0","TOTAL MOT","-1","N/A","0","false","-1","N/A","0","false","0","true","0","false","0","423848626.677","423848626.677","4","false","true",
"C","A","20200101","2020","52","2020","699","IND","India","X","Export","0","W00","World","0","W00","World","H5","HS","true","45","Cork and articles of cork","2","false","C00","TOTAL CPC","0","0","TOTAL MOT","-1","N/A","0","false","-1","N/A","0","false","0","true","0","false","0","3299272.18","3299272.18","4","false","true",
"C","A","20200101","2020","52","2020","699","IND","India","X","Export","0","W00","World","0","W00","World","H5","HS","true","46","Manufactures of straw, esparto or other plaiting materials; basketware and wickerwork","2","false","C00","TOTAL CPC","0","0","TOTAL MOT","-1","N/A","0","false","-1","N/A","0","false","0","true","0","false","0","44870184.89","44870184.89","4","false","true",
"C","A","20200101","2020","52","2020","699","IND","India","X","Export","0","W00","World","0","W00","World","H5","HS","true","47","Pulp of wood or other fibrous cellulosic material; recovered (waste and scrap) paper or paperboard","2","false","C00","TOTAL CPC","0","0","TOTAL MOT","-1","N/A","0","false","-1","N/A","0","false","0","true","0","false","0","9614374.53","9614374.53","4","false","true",
"C","A","20200101","2020","52","2020","699","IND","India","X","Export","0","W00","World","0","W00","World","H5","HS","true","48","Paper and paperboard; articles of paper pulp, of paper or paperboard","2","false","C00","TOTAL CPC","0","0","TOTAL MOT","-1","N/A","0","false","-1","N/A","0","false","0","true","0","false","0","1750552402.374","1750552402.374","4","false","true",
"C","A","20200101","2020","52","2020","699","IND","India","X","Export","0","W00","World","0","W00","World","H5","HS","true","49","Printed books, newspapers, pictures and other products of the printing industry; manuscripts, typescripts and plans","2","false","C00","TOTAL CPC","0","0","TOTAL MOT","-1","N/A","0","false","-1","N/A","0","false","0","true","0","false","0","252164411.429","252164411.429","4","false","true",
"C","A","20200101","2020","52","2020","699","IND","India","X","Export","0","W00","World","0","W00","World","H5","HS","true","50","Silk","2","false","C00","TOTAL CPC","0","0","TOTAL MOT","-1","N/A","0","false","-1","N/A","0","false","0","true","0","false","0","81642233.358","81642233.358","4","false","true",
"C","A","20200101","2020","52","2020","699","IND","India","X","Export","0","W00","World","0","W00","World","H5","HS","true","51","Wool, fine or coarse animal hair; horsehair yarn and woven fabric","2","false","C00","TOTAL CPC","0","0","TOTAL MOT","-1","N/A","0","false","-1","N/A","0","false","0","true","0","false","0","100799948.001","100799948.001","4","false","true",
"C","A","20200101","2020","52","2020","699","IND","India","X","Export","0","W00","World","0","W00","World","H5","HS","true","52","Cotton","2","false","C00","TOTAL CPC","0","0","TOTAL MOT","-1","N/A","0","false","-1","N/A","0","false","0","true","0","false","0","5809189929.985","5809189929.985","4","false","true",
"C","A","20200101","2020","52","2020","699","IND","India","X","Export","0","W00","World","0","W00","World","H5","HS","true","55","Man-made staple fibres","2","false","C00","TOTAL CPC","0","0","TOTAL MOT","-1","N/A","0","false","-1","N/A","0","false","0","true","0","false","0","1276574636","1276574636","4","false","true",
"C","A","20200101","2020","52","2020","699","IND","India","X","Export","0","W00","World","0","W00","World","H5","HS","true","56","Wadding, felt and nonwovens, special yarns; twine, cordage, ropes and cables and articles thereof","2","false","C00","TOTAL CPC","0","0","TOTAL MOT","-1","N/A","0","false","-1","N/A","0","false","0","true","0","false","0","447221632.311","447221632.311","4","false","true",
"C","A","20200101","2020","52","2020","699","IND","India","X","Export","0","W00","World","0","W00","World","H5","HS","true","58","Fabrics; special woven fabrics, tufted textile fabrics, lace, tapestries, trimmings, embroidery","2","false","C00","TOTAL CPC","0","0","TOTAL MOT","-1","N/A","0","false","-1","N/A","0","false","0","true","0","false","0","321652618.057","321652618.057","4","false","true",
"C","A","20200101","2020","52","2020","699","IND","India","X","Export","0","W00","World","0","W00","World","H5","HS","true","59","Textile fabrics; impregnated, coated, covered or laminated; textile articles of a kind suitable for industrial use","2","false","C00","TOTAL CPC","0","0","TOTAL MOT","-1","N/A","0","false","-1","N/A","0","false","0","true","0","false","0","332375826.571","332375826.571","4","false","true",
"C","A","20200101","2020","52","2020","699","IND","India","X","Export","0","W00","World","0","W00","World","H5","HS","true","60","Fabrics; knitted or crocheted","2","false","C00","TOTAL CPC","0","0","TOTAL MOT","-1","N/A","0","false","-1","N/A","0","false","0","true","0","false","0","438680498.03","438680498.03","4","false","true",
"C","A","20200101","2020","52","2020","699","IND","India","X","Export","0","W00","World","0","W00","World","H5","HS","true","61","Apparel and clothing accessories; knitted or crocheted","2","false","C00","TOTAL CPC","0","0","TOTAL MOT","-1","N/A","0","false","-1","N/A","0","false","0","true","0","false","0","6120311449.326","6120311449.326","4","false","true",
"C","A","20200101","2020","52","2020","699","IND","India","X","Export","0","W00","World","0","W00","World","H5","HS","true","62","Apparel and clothing accessories; not knitted or crocheted","2","false","C00","TOTAL CPC","0","0","TOTAL MOT","-1","N/A","0","false","-1","N/A","0","false","0","true","0","false","0","6104558852.85","6104558852.85","4","false","true",
"C","A","20200101","2020","52","2020","699","IND","India","X","Export","0","W00","World","0","W00","World","H5","HS","true","63","Textiles, made up articles; sets; worn clothing and worn textile articles; rags","2","false","C00","TOTAL CPC","0","0","TOTAL MOT","-1","N/A","0","false","-1","N/A","0","false","0","true","0","false","0","4771034704.713","4771034704.713","4","false","true",
"C","A","20200101","2020","52","2020","699","IND","India","X","Export","0","W00","World","0","W00","World","H5","HS","true","64","Footwear; gaiters and the like; parts of such articles","2","false","C00","TOTAL CPC","0","0","TOTAL MOT","-1","N/A","0","false","-1","N/A","0","false","0","true","0","false","0","1915121650.775","1915121650.775","4","false","true",
"C","A","20200101","2020","52","2020","699","IND","India","X","Export","0","W00","World","0","W00","World","H5","HS","true","65","Headgear and parts thereof","2","false","C00","TOTAL CPC","0","0","TOTAL MOT","-1","N/A","0","false","-1","N/A","0","false","0","true","0","false","0","60268334.281","60268334.281","4","false","true",
"C","A","20200101","2020","52","2020","699","IND","India","X","Export","0","W00","World","0","W00","World","H5","HS","true","66","Umbrellas, sun umbrellas, walking-sticks, seat sticks, whips, riding crops; and parts thereof","2","false","C00","TOTAL CPC","0","0","TOTAL MOT","-1","N/A","0","false","-1","N/A","0","false","0","true","0","false","0","2593524.957","2593524.957","4","false","true",
"C","A","20200101","2020","52","2020","699","IND","India","X","Export","0","W00","World","0","W00","World","H5","HS","true","67","Feathers and down, prepared; and articles made of feather or of down; artificial flowers; articles of human hair","2","false","C00","TOTAL CPC","0","0","TOTAL MOT","-1","N/A","0","false","-1","N/A","0","false","0","true","0","false","0","305370023.259","305370023.259","4","false","true",
"C","A","20200101","2020","52","2020","699","IND","India","X","Export","0","W00","World","0","W00","World","H5","HS","true","68","Stone, plaster, cement, asbestos, mica or similar materials; articles thereof","2","false","C00","TOTAL CPC","0","0","TOTAL MOT","-1","N/A","0","false","-1","N/A","0","false","0","true","0","false","0","1695215557.998","1695215557.998","4","false","true",
"C","A","20200101","2020","52","2020","699","IND","India","X","Export","0","W00","World","0","W00","World","H5","HS","true","70","Glass and glassware","2","false","C00","TOTAL CPC","0","0","TOTAL MOT","-1","N/A","0","false","-1","N/A","0","false","0","true","0","false","0","761965477.988","761965477.988","4","false","true",
"C","A","20200101","2020","52","2020","699","IND","India","X","Export","0","W00","World","0","W00","World","H5","HS","true","71","Natural, cultured pearls; precious, semi-precious stones; precious metals, metals clad with precious metal, and articles thereof; imitation jewellery; coin","2","false","C00","TOTAL CPC","0","0","TOTAL MOT","-1","N/A","0","false","-1","N/A","0","false","0","true","0","false","0","24455527295.869","24455527295.869","4","false","true",
"C","A","20200101","2020","52","2020","699","IND","India","X","Export","0","W00","World","0","W00","World","H5","HS","true","72","Iron and steel","2","false","C00","TOTAL CPC","0","0","TOTAL MOT","-1","N/A","0","false","-1","N/A","0","false","0","true","0","false","0","10632043828.555","10632043828.555","4","false","true",
"C","A","20200101","2020","52","2020","699","IND","India","X","Export","0","W00","World","0","W00","World","H5","HS","true","73","Iron or steel articles","2","false","C00","TOTAL CPC","0","0","TOTAL MOT","-1","N/A","0","false","-1","N/A","0","false","0","true","0","false","0","6251306048.158","6251306048.158","4","false","true",
"C","A","20200101","2020","52","2020","699","IND","India","X","Export","0","W00","World","0","W00","World","H5","HS","true","74","Copper and articles thereof","2","false","C00","TOTAL CPC","0","0","TOTAL MOT","-1","N/A","0","false","-1","N/A","0","false","0","true","0","false","0","1047078019.115","1047078019.115","4","false","true",
"C","A","20200101","2020","52","2020","699","IND","India","X","Export","0","W00","World","0","W00","World","H5","HS","true","75","Nickel and articles thereof","2","false","C00","TOTAL CPC","0","0","TOTAL MOT","-1","N/A","0","false","-1","N/A","0","false","0","true","0","false","0","52275383.255","52275383.255","4","false","true",
"C","A","20200101","2020","52","2020","699","IND","India","X","Export","0","W00","World","0","W00","World","H5","HS","true","76","Aluminium and articles thereof","2","false","C00","TOTAL CPC","0","0","TOTAL MOT","-1","N/A","0","false","-1","N/A","0","false","0","true","0","false","0","5285080101.955","5285080101.955","4","false","true",
"C","A","20200101","2020","52","2020","699","IND","India","X","Export","0","W00","World","0","W00","World","H5","HS","true","78","Lead and articles thereof","2","false","C00","TOTAL CPC","0","0","TOTAL MOT","-1","N/A","0","false","-1","N/A","0","false","0","true","0","false","0","337697851.461","337697851.461","4","false","true",
"C","A","20200101","2020","52","2020","699","IND","India","X","Export","0","W00","World","0","W00","World","H5","HS","true","79","Zinc and articles thereof","2","false","C00","TOTAL CPC","0","0","TOTAL MOT","-1","N/A","0","false","-1","N/A","0","false","0","true","0","false","0","704013849.871","704013849.871","4","false","true",
"C","A","20200101","2020","52","2020","699","IND","India","X","Export","0","W00","World","0","W00","World","H5","HS","true","80","Tin; articles thereof","2","false","C00","TOTAL CPC","0","0","TOTAL MOT","-1","N/A","0","false","-1","N/A","0","false","0","true","0","false","0","9735031.416","9735031.416","4","false","true",
"C","A","20200101","2020","52","2020","699","IND","India","X","Export","0","W00","World","0","W00","World","H5","HS","true","81","Metals; n.e.c., cermets and articles thereof","2","false","C00","TOTAL CPC","0","0","TOTAL MOT","-1","N/A","0","false","-1","N/A","0","false","0","true","0","false","0","43822975.973","43822975.973","4","false","true",
"C","A","20200101","2020","52","2020","699","IND","India","X","Export","0","W00","World","0","W00","World","H5","HS","true","84","Nuclear reactors, boilers, machinery and mechanical appliances; parts thereof","2","false","C00","TOTAL CPC","0","0","TOTAL MOT","-1","N/A","0","false","-1","N/A","0","false","0","true","0","false","0","17970883162.959","17970883162.959","4","false","true",
"C","A","20200101","2020","52","2020","699","IND","India","X","Export","0","W00","World","0","W00","World","H5","HS","true","87","Vehicles; other than railway or tramway rolling stock, and parts and accessories thereof","2","false","C00","TOTAL CPC","0","0","TOTAL MOT","-1","N/A","0","false","-1","N/A","0","false","0","true","0","false","0","12996847737.225","12996847737.225","4","false","true",
"C","A","20200101","2020","52","2020","699","IND","India","X","Export","0","W00","World","0","W00","World","H5","HS","true","94","Furniture; bedding, mattresses, mattress supports, cushions and similar stuffed furnishings; lamps and lighting fittings, n.e.c.; illuminated signs, illuminated name-plates and the like; prefabricated buildings","2","false","C00","TOTAL CPC","0","0","TOTAL MOT","-1","N/A","0","false","-1","N/A","0","false","0","true","0","false","0","1813387545.938","1813387545.938","4","false","true",
"C","A","20200101","2020","52","2020","699","IND","India","X","Export","0","W00","World","0","W00","World","H5","HS","true","95","Toys, games and sports requisites; parts and accessories thereof","2","false","C00","TOTAL CPC","0","0","TOTAL MOT","-1","N/A","0","false","-1","N/A","0","false","0","true","0","false","0","379807735.036","379807735.036","4","false","true",
"C","A","20200101","2020","52","2020","699","IND","India","X","Export","0","W00","World","0","W00","World","H5","HS","true","96","Miscellaneous manufactured articles","2","false","C00","TOTAL CPC","0","0","TOTAL MOT","-1","N/A","0","false","-1","N/A","0","false","0","true","0","false","0","514870558.395","514870558.395","4","false","true",
"C","A","20200101","2020","52","2020","699","IND","India","M","Import","0","W00","World","0","W00","World","H5","HS","true","02","Meat and edible meat offal","2","false","C00","TOTAL CPC","0","0","TOTAL MOT","-1","N/A","0","false","-1","N/A","0","false","0","false","0","false","2100238.505","0","2100238.505","0","false","true",
"C","A","20200101","2020","52","2020","699","IND","India","M","Import","0","W00","World","0","W00","World","H5","HS","true","03","Fish and crustaceans, molluscs and other aquatic invertebrates","2","false","C00","TOTAL CPC","0","0","TOTAL MOT","-1","N/A","0","false","-1","N/A","0","false","0","false","0","false","131272128.502","0","131272128.502","0","false","true",
"C","A","20200101","2020","52","2020","699","IND","India","M","Import","0","W00","World","0","W00","World","H5","HS","true","47","Pulp of wood or other fibrous cellulosic material; recovered (waste and scrap) paper or paperboard","2","false","C00","TOTAL CPC","0","0","TOTAL MOT","-1","N/A","0","false","-1","N/A","0","false","0","false","0","false","1808772550.441","0","1808772550.441","0","false","true",
"C","A","20200101","2020","52","2020","699","IND","India","M","Import","0","W00","World","0","W00","World","H5","HS","true","99","Commodities not specified according to kind","2","false","C00","TOTAL CPC","0","0","TOTAL MOT","-1","N/A","0","false","-1","N/A","0","false","0","false","0","false","1881351294.368","0","1881351294.368","0","false","true",
"C","A","20200101","2020","52","2020","699","IND","India","M","Import","0","W00","World","0","W00","World","H5","HS","true","04","Dairy produce; birds' eggs; natural honey; edible products of animal origin, not elsewhere specified or included","2","false","C00","TOTAL CPC","0","0","TOTAL MOT","-1","N/A","0","false","-1","N/A","0","false","0","true","0","false","37301753.177","0","37301753.177","4","false","true",
"C","A","20200101","2020","52","2020","699","IND","India","M","Import","0","W00","World","0","W00","World","H5","HS","true","05","Animal originated products; not elsewhere specified or included","2","false","C00","TOTAL CPC","0","0","TOTAL MOT","-1","N/A","0","false","-1","N/A","0","false","0","true","0","false","31146619.579","0","31146619.579","4","false","true",
"C","A","20200101","2020","52","2020","699","IND","India","M","Import","0","W00","World","0","W00","World","H5","HS","true","06","Trees and other plants, live; bulbs, roots and the like; cut flowers and ornamental foliage","2","false","C00","TOTAL CPC","0","0","TOTAL MOT","-1","N/A","0","false","-1","N/A","0","false","0","true","0","false","18933474.118","0","18933474.118","4","false","true",
"C","A","20200101","2020","52","2020","699","IND","India","M","Import","0","W00","World","0","W00","World","H5","HS","true","07","Vegetables and certain roots and tubers; edible","2","false","C00","TOTAL CPC","0","0","TOTAL MOT","-1","N/A","0","false","-1","N/A","0","false","0","true","0","false","1649613885.324","0","1649613885.324","4","false","true",
"C","A","20200101","2020","52","2020","699","IND","India","M","Import","0","W00","World","0","W00","World","H5","HS","true","08","Fruit and nuts, edible; peel of citrus fruit or melons","2","false","C00","TOTAL CPC","0","0","TOTAL MOT","-1","N/A","0","false","-1","N/A","0","false","0","true","0","false","3195673538.556","0","3195673538.556","4","false","true",
"C","A","20200101","2020","52","2020","699","IND","India","M","Import","0","W00","World","0","W00","World","H5","HS","true","09","Coffee, tea, mate and spices","2","false","C00","TOTAL CPC","0","0","TOTAL MOT","-1","N/A","0","false","-1","N/A","0","false","0","true","0","false","797719290.536","0","797719290.536","4","false","true",
"C","A","20200101","2020","52","2020","699","IND","India","M","Import","0","W00","World","0","W00","World","H5","HS","true","10","Cereals","2","false","C00","TOTAL CPC","0","0","TOTAL MOT","-1","N/A","0","false","-1","N/A","0","false","0","true","0","false","98518704.024","0","98518704.024","4","false","true",
"C","A","20200101","2020","52","2020","699","IND","India","M","Import","0","W00","World","0","W00","World","H5","HS","true","11","Products of the milling industry; malt, starches, inulin, wheat gluten","2","false","C00","TOTAL CPC","0","0","TOTAL MOT","-1","N/A","0","false","-1","N/A","0","false","0","true","0","false","63736946.508","0","63736946.508","4","false","true",
"C","A","20200101","2020","52","2020","699","IND","India","M","Import","0","W00","World","0","W00","World","H5","HS","true","12","Oil seeds and oleaginous fruits; miscellaneous grains, seeds and fruit, industrial or medicinal plants; straw and fodder","2","false","C00","TOTAL CPC","0","0","TOTAL MOT","-1","N/A","0","false","-1","N/A","0","false","0","true","0","false","836167867.405","0","836167867.405","4","false","true",
"C","A","20200101","2020","52","2020","699","IND","India","M","Import","0","W00","World","0","W00","World","H5","HS","true","13","Lac; gums, resins and other vegetable saps and extracts","2","false","C00","TOTAL CPC","0","0","TOTAL MOT","-1","N/A","0","false","-1","N/A","0","false","0","true","0","false","256987005.99","0","256987005.99","4","false","true",
"C","A","20200101","2020","52","2020","699","IND","India","M","Import","0","W00","World","0","W00","World","H5","HS","true","14","Vegetable plaiting materials; vegetable products not elsewhere specified or included","2","false","C00","TOTAL CPC","0","0","TOTAL MOT","-1","N/A","0","false","-1","N/A","0","false","0","true","0","false","108044281.723","0","108044281.723","4","false","true",
"C","A","20200101","2020","52","2020","699","IND","India","M","Import","0","W00","World","0","W00","World","H5","HS","true","15","Animal or vegetable fats and oils and their cleavage products; prepared animal fats; animal or vegetable waxes","2","false","C00","TOTAL CPC","0","0","TOTAL MOT","-1","N/A","0","false","-1","N/A","0","false","0","true","0","false","10597474056.868","0","10597474056.868","4","false","true",
"C","A","20200101","2020","52","2020","699","IND","India","M","Import","0","W00","World","0","W00","World","H5","HS","true","16","Meat, fish or crustaceans, molluscs or other aquatic invertebrates; preparations thereof","2","false","C00","TOTAL CPC","0","0","TOTAL MOT","-1","N/A","0","false","-1","N/A","0","false","0","true","0","false","6164735.422","0","6164735.422","4","false","true",
"C","A","20200101","2020","52","2020","699","IND","India","M","Import","0","W00","World","0","W00","World","H5","HS","true","17","Sugars and sugar confectionery","2","false","C00","TOTAL CPC","0","0","TOTAL MOT","-1","N/A","0","false","-1","N/A","0","false","0","true","0","false","758766328.141","0","758766328.141","4","false","true",
"C","A","20200101","2020","52","2020","699","IND","India","M","Import","0","W00","World","0","W00","World","H5","HS","true","18","Cocoa and cocoa preparations","2","false","C00","TOTAL CPC","0","0","TOTAL MOT","-1","N/A","0","false","-1","N/A","0","false","0","true","0","false","238804308.494","0","238804308.494","4","false","true",
"C","A","20200101","2020","52","2020","699","IND","India","M","Import","0","W00","World","0","W00","World","H5","HS","true","19","Preparations of cereals, flour, starch or milk; pastrycooks' products","2","false","C00","TOTAL CPC","0","0","TOTAL MOT","-1","N/A","0","false","-1","N/A","0","false","0","true","0","false","108332014.267","0","108332014.267","4","false","true",
"C","A","20200101","2020","52","2020","699","IND","India","M","Import","0","W00","World","0","W00","World","H5","HS","true","20","Preparations of vegetables, fruit, nuts or other parts of plants","2","false","C00","TOTAL CPC","0","0","TOTAL MOT","-1","N/A","0","false","-1","N/A","0","false","0","true","0","false","82954024.529","0","82954024.529","4","false","true",
"C","A","20200101","2020","52","2020","699","IND","India","M","Import","0","W00","World","0","W00","World","H5","HS","true","21","Miscellaneous edible preparations","2","false","C00","TOTAL CPC","0","0","TOTAL MOT","-1","N/A","0","false","-1","N/A","0","false","0","true","0","false","178938273.355","0","178938273.355","4","false","true",
"C","A","20200101","2020","52","2020","699","IND","India","M","Import","0","W00","World","0","W00","World","H5","HS","true","22","Beverages, spirits and vinegar","2","false","C00","TOTAL CPC","0","0","TOTAL MOT","-1","N/A","0","false","-1","N/A","0","false","0","true","0","false","641055159.28","0","641055159.28","4","false","true",
"C","A","20200101","2020","52","2020","699","IND","India","M","Import","0","W00","World","0","W00","World","H5","HS","true","23","Food industries, residues and wastes thereof; prepared animal fodder","2","false","C00","TOTAL CPC","0","0","TOTAL MOT","-1","N/A","0","false","-1","N/A","0","false","0","true","0","false","684011152.562","0","684011152.562","4","false","true",
"C","A","20200101","2020","52","2020","699","IND","India","M","Import","0","W00","World","0","W00","World","H5","HS","true","24","Tobacco and manufactured tobacco substitutes","2","false","C00","TOTAL CPC","0","0","TOTAL MOT","-1","N/A","0","false","-1","N/A","0","false","0","true","0","false","45993996.883","0","45993996.883","4","false","true",
"C","A","20200101","2020","52","2020","699","IND","India","M","Import","0","W00","World","0","W00","World","H5","HS","true","26","Ores, slag and ash","2","false","C00","TOTAL CPC","0","0","TOTAL MOT","-1","N/A","0","false","-1","N/A","0","false","0","true","0","false","2343871012.243","0","2343871012.243","4","false","true",
"C","A","20200101","2020","52","2020","699","IND","India","M","Import","0","W00","World","0","W00","World","H5","HS","true","27","Mineral fuels, mineral oils and products of their distillation; bituminous substances; mineral waxes","2","false","C00","TOTAL CPC","0","0","TOTAL MOT","-1","N/A","0","false","-1","N/A","0","false","0","true","0","false","104358496964.253","0","104358496964.253","4","false","true",
"C","A","20200101","2020","52","2020","699","IND","India","M","Import","0","W00","World","0","W00","World","H5","HS","true","28","Inorganic chemicals; organic and inorganic compounds of precious metals; of rare earth metals, of radio-active elements and of isotopes","2","false","C00","TOTAL CPC","0","0","TOTAL MOT","-1","N/A","0","false","-1","N/A","0","false","0","true","0","false","6192050843.01","0","6192050843.01","4","false","true",
"C","A","20200101","2020","52","2020","699","IND","India","M","Import","0","W00","World","0","W00","World","H5","HS","true","29","Organic chemicals","2","false","C00","TOTAL CPC","0","0","TOTAL MOT","-1","N/A","0","false","-1","N/A","0","false","0","true","0","false","18154638691.874","0","18154638691.874","4","false","true",
"C","A","20200101","2020","52","2020","699","IND","India","M","Import","0","W00","World","0","W00","World","H5","HS","true","30","Pharmaceutical products","2","false","C00","TOTAL CPC","0","0","TOTAL MOT","-1","N/A","0","false","-1","N/A","0","false","0","true","0","false","2477412233.658","0","2477412233.658","4","false","true",
"C","A","20200101","2020","52","2020","699","IND","India","M","Import","0","W00","World","0","W00","World","H5","HS","true","32","Tanning or dyeing extracts; tannins and their derivatives; dyes, pigments and other colouring matter; paints, varnishes; putty, other mastics; inks","2","false","C00","TOTAL CPC","0","0","TOTAL MOT","-1","N/A","0","false","-1","N/A","0","false","0","true","0","false","1722938173.79","0","1722938173.79","4","false","true",
"C","A","20200101","2020","52","2020","699","IND","India","M","Import","0","W00","World","0","W00","World","H5","HS","true","33","Essential oils and resinoids; perfumery, cosmetic or toilet preparations","2","false","C00","TOTAL CPC","0","0","TOTAL MOT","-1","N/A","0","false","-1","N/A","0","false","0","true","0","false","661784046.264","0","661784046.264","4","false","true",
"C","A","20200101","2020","52","2020","699","IND","India","M","Import","0","W00","World","0","W00","World","H5","HS","true","34","Soap, organic surface-active agents; washing, lubricating, polishing or scouring preparations; artificial or prepared waxes, candles and similar articles, modelling pastes, dental waxes and dental preparations with a basis of plaster","2","false","C00","TOTAL CPC","0","0","TOTAL MOT","-1","N/A","0","false","-1","N/A","0","false","0","true","0","false","835111521.18","0","835111521.18","4","false","true",
"C","A","20200101","2020","52","2020","699","IND","India","M","Import","0","W00","World","0","W00","World","H5","HS","true","35","Albuminoidal substances; modified starches; glues; enzymes","2","false","C00","TOTAL CPC","0","0","TOTAL MOT","-1","N/A","0","false","-1","N/A","0","false","0","true","0","false","517027257.163","0","517027257.163","4","false","true",
"C","A","20200101","2020","52","2020","699","IND","India","M","Import","0","W00","World","0","W00","World","H5","HS","true","36","Explosives; pyrotechnic products; matches; pyrophoric alloys; certain combustible preparations","2","false","C00","TOTAL CPC","0","0","TOTAL MOT","-1","N/A","0","false","-1","N/A","0","false","0","true","0","false","9245212.981","0","9245212.981","4","false","true",
"C","A","20200101","2020","52","2020","699","IND","India","M","Import","0","W00","World","0","W00","World","H5","HS","true","37","Photographic or cinematographic goods","2","false","C00","TOTAL CPC","0","0","TOTAL MOT","-1","N/A","0","false","-1","N/A","0","false","0","true","0","false","145254733.778","0","145254733.778","4","false","true",
"C","A","20200101","2020","52","2020","699","IND","India","M","Import","0","W00","World","0","W00","World","H5","HS","true","39","Plastics and articles thereof","2","false","C00","TOTAL CPC","0","0","TOTAL MOT","-1","N/A","0","false","-1","N/A","0","false","0","true","0","false","11974523771.84","0","11974523771.84","4","false","true",
"C","A","20200101","2020","52","2020","699","IND","India","M","Import","0","W00","World","0","W00","World","H5","HS","true","40","Rubber and articles thereof","2","false","C00","TOTAL CPC","0","0","TOTAL MOT","-1","N/A","0","false","-1","N/A","0","false","0","true","0","false","2611293872.715","0","2611293872.715","4","false","true",
"C","A","20200101","2020","52","2020","699","IND","India","M","Import","0","W00","World","0","W00","World","H5","HS","true","41","Raw hides and skins (other than furskins) and leather","2","false","C00","TOTAL CPC","0","0","TOTAL MOT","-1","N/A","0","false","-1","N/A","0","false","0","true","0","false","351044538.201","0","351044538.201","4","false","true",
"C","A","20200101","2020","52","2020","699","IND","India","M","Import","0","W00","World","0","W00","World","H5","HS","true","44","Wood and articles of wood; wood charcoal","2","false","C00","TOTAL CPC","0","0","TOTAL MOT","-1","N/A","0","false","-1","N/A","0","false","0","true","0","false","1459306439.735","0","1459306439.735","4","false","true",
"C","A","20200101","2020","52","2020","699","IND","India","M","Import","0","W00","World","0","W00","World","H5","HS","true","45","Cork and articles of cork","2","false","C00","TOTAL CPC","0","0","TOTAL MOT","-1","N/A","0","false","-1","N/A","0","false","0","true","0","false","5494003.553","0","5494003.553","4","false","true",
"C","A","20200101","2020","52","2020","699","IND","India","M","Import","0","W00","World","0","W00","World","H5","HS","true","46","Manufactures of straw, esparto or other plaiting materials; basketware and wickerwork","2","false","C00","TOTAL CPC","0","0","TOTAL MOT","-1","N/A","0","false","-1","N/A","0","false","0","true","0","false","3556200.299","0","3556200.299","4","false","true",
"C","A","20200101","2020","52","2020","699","IND","India","M","Import","0","W00","World","0","W00","World","H5","HS","true","48","Paper and paperboard; articles of paper pulp, of paper or paperboard","2","false","C00","TOTAL CPC","0","0","TOTAL MOT","-1","N/A","0","false","-1","N/A","0","false","0","true","0","false","1853053116.401","0","1853053116.401","4","false","true",
"C","A","20200101","2020","52","2020","699","IND","India","M","Import","0","W00","World","0","W00","World","H5","HS","true","49","Printed books, newspapers, pictures and other products of the printing industry; manuscripts, typescripts and plans","2","false","C00","TOTAL CPC","0","0","TOTAL MOT","-1","N/A","0","false","-1","N/A","0","false","0","true","0","false","269258610.427","0","269258610.427","4","false","true",
"C","A","20200101","2020","52","2020","699","IND","India","M","Import","0","W00","World","0","W00","World","H5","HS","true","50","Silk","2","false","C00","TOTAL CPC","0","0","TOTAL MOT","-1","N/A","0","false","-1","N/A","0","false","0","true","0","false","110870357.915","0","110870357.915","4","false","true",
"C","A","20200101","2020","52","2020","699","IND","India","M","Import","0","W00","World","0","W00","World","H5","HS","true","51","Wool, fine or coarse animal hair; horsehair yarn and woven fabric","2","false","C00","TOTAL CPC","0","0","TOTAL MOT","-1","N/A","0","false","-1","N/A","0","false","0","true","0","false","180539590.545","0","180539590.545","4","false","true",
"C","A","20200101","2020","52","2020","699","IND","India","M","Import","0","W00","World","0","W00","World","H5","HS","true","52","Cotton","2","false","C00","TOTAL CPC","0","0","TOTAL MOT","-1","N/A","0","false","-1","N/A","0","false","0","true","0","false","486257357.253","0","486257357.253","4","false","true",
"C","A","20200101","2020","52","2020","699","IND","India","M","Import","0","W00","World","0","W00","World","H5","HS","true","55","Man-made staple fibres","2","false","C00","TOTAL CPC","0","0","TOTAL MOT","-1","N/A","0","false","-1","N/A","0","false","0","true","0","false","746875722.964","0","746875722.964","4","false","true",
"C","A","20200101","2020","52","2020","699","IND","India","M","Import","0","W00","World","0","W00","World","H5","HS","true","56","Wadding, felt and nonwovens, special yarns; twine, cordage, ropes and cables and articles thereof","2","false","C00","TOTAL CPC","0","0","TOTAL MOT","-1","N/A","0","false","-1","N/A","0","false","0","true","0","false","309918034.446","0","309918034.446","4","false","true",
"C","A","20200101","2020","52","2020","699","IND","India","M","Import","0","W00","World","0","W00","World","H5","HS","true","58","Fabrics; special woven fabrics, tufted textile fabrics, lace, tapestries, trimmings, embroidery","2","false","C00","TOTAL CPC","0","0","TOTAL MOT","-1","N/A","0","false","-1","N/A","0","false","0","true","0","false","154913116.612","0","154913116.612","4","false","true",
"C","A","20200101","2020","52","2020","699","IND","India","M","Import","0","W00","World","0","W00","World","H5","HS","true","59","Textile fabrics; impregnated, coated, covered or laminated; textile articles of a kind suitable for industrial use","2","false","C00","TOTAL CPC","0","0","TOTAL MOT","-1","N/A","0","false","-1","N/A","0","false","0","true","0","false","504613000.535","0","504613000.535","4","false","true",
"C","A","20200101","2020","52","2020","699","IND","India","M","Import","0","W00","World","0","W00","World","H5","HS","true","60","Fabrics; knitted or crocheted","2","false","C00","TOTAL CPC","0","0","TOTAL MOT","-1","N/A","0","false","-1","N/A","0","false","0","true","0","false","415243072.887","0","415243072.887","4","false","true",
"C","A","20200101","2020","52","2020","699","IND","India","M","Import","0","W00","World","0","W00","World","H5","HS","true","63","Textiles, made up articles; sets; worn clothing and worn textile articles; rags","2","false","C00","TOTAL CPC","0","0","TOTAL MOT","-1","N/A","0","false","-1","N/A","0","false","0","true","0","false","598127929.952","0","598127929.952","4","false","true",
"C","A","20200101","2020","52","2020","699","IND","India","M","Import","0","W00","World","0","W00","World","H5","HS","true","64","Footwear; gaiters and the like; parts of such articles","2","false","C00","TOTAL CPC","0","0","TOTAL MOT","-1","N/A","0","false","-1","N/A","0","false","0","true","0","false","442553717.781","0","442553717.781","4","false","true",
"C","A","20200101","2020","52","2020","699","IND","India","M","Import","0","W00","World","0","W00","World","H5","HS","true","65","Headgear and parts thereof","2","false","C00","TOTAL CPC","0","0","TOTAL MOT","-1","N/A","0","false","-1","N/A","0","false","0","true","0","false","27372877.248","0","27372877.248","4","false","true",
"C","A","20200101","2020","52","2020","699","IND","India","M","Import","0","W00","World","0","W00","World","H5","HS","true","66","Umbrellas, sun umbrellas, walking-sticks, seat sticks, whips, riding crops; and parts thereof","2","false","C00","TOTAL CPC","0","0","TOTAL MOT","-1","N/A","0","false","-1","N/A","0","false","0","true","0","false","23170385.038","0","23170385.038","4","false","true",
"C","A","20200101","2020","52","2020","699","IND","India","M","Import","0","W00","World","0","W00","World","H5","HS","true","67","Feathers and down, prepared; and articles made of feather or of down; artificial flowers; articles of human hair","2","false","C00","TOTAL CPC","0","0","TOTAL MOT","-1","N/A","0","false","-1","N/A","0","false","0","true","0","false","12598629.775","0","12598629.775","4","false","true",
"C","A","20200101","2020","52","2020","699","IND","India","M","Import","0","W00","World","0","W00","World","H5","HS","true","68","Stone, plaster, cement, asbestos, mica or similar materials; articles thereof","2","false","C00","TOTAL CPC","0","0","TOTAL MOT","-1","N/A","0","false","-1","N/A","0","false","0","true","0","false","646856612.175","0","646856612.175","4","false","true",
"C","A","20200101","2020","52","2020","699","IND","India","M","Import","0","W00","World","0","W00","World","H5","HS","true","69","Ceramic products","2","false","C00","TOTAL CPC","0","0","TOTAL MOT","-1","N/A","0","false","-1","N/A","0","false","0","true","0","false","505340552.104","0","505340552.104","4","false","true",
"C","A","20200101","2020","52","2020","699","IND","India","M","Import","0","W00","World","0","W00","World","H5","HS","true","70","Glass and glassware","2","false","C00","TOTAL CPC","0","0","TOTAL MOT","-1","N/A","0","false","-1","N/A","0","false","0","true","0","false","935863641.301","0","935863641.301","4","false","true",
"C","A","20200101","2020","52","2020","699","IND","India","M","Import","0","W00","World","0","W00","World","H5","HS","true","71","Natural, cultured pearls; precious, semi-precious stones; precious metals, metals clad with precious metal, and articles thereof; imitation jewellery; coin","2","false","C00","TOTAL CPC","0","0","TOTAL MOT","-1","N/A","0","false","-1","N/A","0","false","0","true","0","false","41049740675.241","0","41049740675.241","4","false","true",
"C","A","20200101","2020","52","2020","699","IND","India","M","Import","0","W00","World","0","W00","World","H5","HS","true","72","Iron and steel","2","false","C00","TOTAL CPC","0","0","TOTAL MOT","-1","N/A","0","false","-1","N/A","0","false","0","true","0","false","7550873600.395","0","7550873600.395","4","false","true",
"C","A","20200101","2020","52","2020","699","IND","India","M","Import","0","W00","World","0","W00","World","H5","HS","true","73","Iron or steel articles","2","false","C00","TOTAL CPC","0","0","TOTAL MOT","-1","N/A","0","false","-1","N/A","0","false","0","true","0","false","3536669785.382","0","3536669785.382","4","false","true",
"C","A","20200101","2020","52","2020","699","IND","India","M","Import","0","W00","World","0","W00","World","H5","HS","true","74","Copper and articles thereof","2","false","C00","TOTAL CPC","0","0","TOTAL MOT","-1","N/A","0","false","-1","N/A","0","false","0","true","0","false","4246768566.784","0","4246768566.784","4","false","true",
"C","A","20200101","2020","52","2020","699","IND","India","M","Import","0","W00","World","0","W00","World","H5","HS","true","75","Nickel and articles thereof","2","false","C00","TOTAL CPC","0","0","TOTAL MOT","-1","N/A","0","false","-1","N/A","0","false","0","true","0","false","701853684.791","0","701853684.791","4","false","true",
"C","A","20200101","2020","52","2020","699","IND","India","M","Import","0","W00","World","0","W00","World","H5","HS","true","76","Aluminium and articles thereof","2","false","C00","TOTAL CPC","0","0","TOTAL MOT","-1","N/A","0","false","-1","N/A","0","false","0","true","0","false","3653532949.734","0","3653532949.734","4","false","true",
"C","A","20200101","2020","52","2020","699","IND","India","M","Import","0","W00","World","0","W00","World","H5","HS","true","78","Lead and articles thereof","2","false","C00","TOTAL CPC","0","0","TOTAL MOT","-1","N/A","0","false","-1","N/A","0","false","0","true","0","false","620457869.218","0","620457869.218","4","false","true",
"C","A","20200101","2020","52","2020","699","IND","India","M","Import","0","W00","World","0","W00","World","H5","HS","true","79","Zinc and articles thereof","2","false","C00","TOTAL CPC","0","0","TOTAL MOT","-1","N/A","0","false","-1","N/A","0","false","0","true","0","false","444170123.041","0","444170123.041","4","false","true",
"C","A","20200101","2020","52","2020","699","IND","India","M","Import","0","W00","World","0","W00","World","H5","HS","true","80","Tin; articles thereof","2","false","C00","TOTAL CPC","0","0","TOTAL MOT","-1","N/A","0","false","-1","N/A","0","false","0","true","0","false","183335793.352","0","183335793.352","4","false","true",
"C","A","20200101","2020","52","2020","699","IND","India","M","Import","0","W00","World","0","W00","World","H5","HS","true","81","Metals; n.e.c., cermets and articles thereof","2","false","C00","TOTAL CPC","0","0","TOTAL MOT","-1","N/A","0","false","-1","N/A","0","false","0","true","0","false","321504152.837","0","321504152.837","4","false","true",
"C","A","20200101","2020","52","2020","699","IND","India","M","Import","0","W00","World","0","W00","World","H5","HS","true","83","Metal; miscellaneous products of base metal","2","false","C00","TOTAL CPC","0","0","TOTAL MOT","-1","N/A","0","false","-1","N/A","0","false","0","true","0","false","669205873.817","0","669205873.817","4","false","true",
"C","A","20200101","2020","52","2020","699","IND","India","M","Import","0","W00","World","0","W00","World","H5","HS","true","86","Railway, tramway locomotives, rolling-stock and parts thereof; railway or tramway track fixtures and fittings and parts thereof; mechanical (including electro-mechanical) traffic signalling equipment of all kinds","2","false","C00","TOTAL CPC","0","0","TOTAL MOT","-1","N/A","0","false","-1","N/A","0","false","0","true","0","false","534361684.565","0","534361684.565","4","false","true",
"C","A","20200101","2020","52","2020","699","IND","India","M","Import","0","W00","World","0","W00","World","H5","HS","true","87","Vehicles; other than railway or tramway rolling stock, and parts and accessories thereof","2","false","C00","TOTAL CPC","0","0","TOTAL MOT","-1","N/A","0","false","-1","N/A","0","false","0","true","0","false","4312922776.391","0","4312922776.391","4","false","true",
"C","A","20200101","2020","52","2020","699","IND","India","M","Import","0","W00","World","0","W00","World","H5","HS","true","92","Musical instruments; parts and accessories of such articles","2","false","C00","TOTAL CPC","0","0","TOTAL MOT","-1","N/A","0","false","-1","N/A","0","false","0","true","0","false","42291713.578","0","42291713.578","4","false","true",
"C","A","20200101","2020","52","2020","699","IND","India","M","Import","0","W00","World","0","W00","World","H5","HS","true","94","Furniture; bedding, mattresses, mattress supports, cushions and similar stuffed furnishings; lamps and lighting fittings, n.e.c.; illuminated signs, illuminated name-plates and the like; prefabricated buildings","2","false","C00","TOTAL CPC","0","0","TOTAL MOT","-1","N/A","0","false","-1","N/A","0","false","0","true","0","false","1053706496.422","0","1053706496.422","4","false","true",
"C","A","20200101","2020","52","2020","699","IND","India","M","Import","0","W00","World","0","W00","World","H5","HS","true","96","Miscellaneous manufactured articles","2","false","C00","TOTAL CPC","0","0","TOTAL MOT","-1","N/A","0","false","-1","N/A","0","false","0","true","0","false","536357705.423","0","536357705.423","4","false","true",
"C","A","20200101","2020","52","2020","699","IND","India","M","Import","0","W00","World","0","W00","World","H5","HS","true","01","Animals; live","2","false","C00","TOTAL CPC","0","0","TOTAL MOT","-1","N/A","0","false","-1","N/A","0","false","0","true","0","false","13590892.214","0","13590892.214","4","false","true",
"C","A","20200101","2020","52","2020","699","IND","India","M","Import","0","W00","World","0","W00","World","H5","HS","true","25","Salt; sulphur; earths, stone; plastering materials, lime and cement","2","false","C00","TOTAL CPC","0","0","TOTAL MOT","-1","N/A","0","false","-1","N/A","0","false","0","true","0","false","2257758866.055","0","2257758866.055","4","false","true",
"C","A","20200101","2020","52","2020","699","IND","India","M","Import","0","W00","World","0","W00","World","H5","HS","true","31","Fertilizers","2","false","C00","TOTAL CPC","0","0","TOTAL MOT","-1","N/A","0","false","-1","N/A","0","false","0","true","0","false","7177367513.891","0","7177367513.891","4","false","true",
"C","A","20200101","2020","52","2020","699","IND","India","M","Import","0","W00","World","0","W00","World","H5","HS","true","38","Chemical products n.e.c.","2","false","C00","TOTAL CPC","0","0","TOTAL MOT","-1","N/A","0","false","-1","N/A","0","false","0","true","0","false","5660653666.1","0","5660653666.1","4","false","true",
"C","A","20200101","2020","52","2020","699","IND","India","M","Import","0","W00","World","0","W00","World","H5","HS","true","42","Articles of leather; saddlery and harness; travel goods, handbags and similar containers; articles of animal gut (other than silk-worm gut)","2","false","C00","TOTAL CPC","0","0","TOTAL MOT","-1","N/A","0","false","-1","N/A","0","false","0","true","0","false","205227173.284","0","205227173.284","4","false","true",
"C","A","20200101","2020","52","2020","699","IND","India","M","Import","0","W00","World","0","W00","World","H5","HS","true","43","Furskins and artificial fur; manufactures thereof","2","false","C00","TOTAL CPC","0","0","TOTAL MOT","-1","N/A","0","false","-1","N/A","0","false","0","true","0","false","4075599.111","0","4075599.111","4","false","true",
"C","A","20200101","2020","52","2020","699","IND","India","M","Import","0","W00","World","0","W00","World","H5","HS","true","53","Vegetable textile fibres; paper yarn and woven fabrics of paper yarn","2","false","C00","TOTAL CPC","0","0","TOTAL MOT","-1","N/A","0","false","-1","N/A","0","false","0","true","0","false","263371354.512","0","263371354.512","4","false","true",
"C","A","20200101","2020","52","2020","699","IND","India","M","Import","0","W00","World","0","W00","World","H5","HS","true","54","Man-made filaments; strip and the like of man-made textile materials","2","false","C00","TOTAL CPC","0","0","TOTAL MOT","-1","N/A","0","false","-1","N/A","0","false","0","true","0","false","745225719.939","0","745225719.939","4","false","true",
"C","A","20200101","2020","52","2020","699","IND","India","M","Import","0","W00","World","0","W00","World","H5","HS","true","57","Carpets and other textile floor coverings","2","false","C00","TOTAL CPC","0","0","TOTAL MOT","-1","N/A","0","false","-1","N/A","0","false","0","true","0","false","90973191.474","0","90973191.474","4","false","true",
"C","A","20200101","2020","52","2020","699","IND","India","M","Import","0","W00","World","0","W00","World","H5","HS","true","61","Apparel and clothing accessories; knitted or crocheted","2","false","C00","TOTAL CPC","0","0","TOTAL MOT","-1","N/A","0","false","-1","N/A","0","false","0","true","0","false","376423179.614","0","376423179.614","4","false","true",
"C","A","20200101","2020","52","2020","699","IND","India","M","Import","0","W00","World","0","W00","World","H5","HS","true","62","Apparel and clothing accessories; not knitted or crocheted","2","false","C00","TOTAL CPC","0","0","TOTAL MOT","-1","N/A","0","false","-1","N/A","0","false","0","true","0","false","512847735.002","0","512847735.002","4","false","true",
"C","A","20200101","2020","52","2020","699","IND","India","M","Import","0","W00","World","0","W00","World","H5","HS","true","82","Tools, implements, cutlery, spoons and forks, of base metal; parts thereof, of base metal","2","false","C00","TOTAL CPC","0","0","TOTAL MOT","-1","N/A","0","false","-1","N/A","0","false","0","true","0","false","976811889.613","0","976811889.613","4","false","true",
"C","A","20200101","2020","52","2020","699","IND","India","M","Import","0","W00","World","0","W00","World","H5","HS","true","84","Nuclear reactors, boilers, machinery and mechanical appliances; parts thereof","2","false","C00","TOTAL CPC","0","0","TOTAL MOT","-1","N/A","0","false","-1","N/A","0","false","0","true","0","false","35201384349.076","0","35201384349.076","4","false","true",
"C","A","20200101","2020","52","2020","699","IND","India","M","Import","0","W00","World","0","W00","World","H5","HS","true","85","Electrical machinery and equipment and parts thereof; sound recorders and reproducers; television image and sound recorders and reproducers, parts and accessories of such articles","2","false","C00","TOTAL CPC","0","0","TOTAL MOT","-1","N/A","0","false","-1","N/A","0","false","0","true","0","false","42944414157.653","0","42944414157.653","4","false","true",
"C","A","20200101","2020","52","2020","699","IND","India","M","Import","0","W00","World","0","W00","World","H5","HS","true","88","Aircraft, spacecraft and parts thereof","2","false","C00","TOTAL CPC","0","0","TOTAL MOT","-1","N/A","0","false","-1","N/A","0","false","0","true","0","false","1477131903.559","0","1477131903.559","4","false","true",
"C","A","20200101","2020","52","2020","699","IND","India","M","Import","0","W00","World","0","W00","World","H5","HS","true","89","Ships, boats and floating structures","2","false","C00","TOTAL CPC","0","0","TOTAL MOT","-1","N/A","0","false","-1","N/A","0","false","0","true","0","false","5354395075.781","0","5354395075.781","4","false","true",
"C","A","20200101","2020","52","2020","699","IND","India","M","Import","0","W00","World","0","W00","World","H5","HS","true","90","Optical, photographic, cinematographic, measuring, checking, medical or surgical instruments and apparatus; parts and accessories","2","false","C00","TOTAL CPC","0","0","TOTAL MOT","-1","N/A","0","false","-1","N/A","0","false","0","true","0","false","8218099642.928","0","8218099642.928","4","false","true",
"C","A","20200101","2020","52","2020","699","IND","India","M","Import","0","W00","World","0","W00","World","H5","HS","true","91","Clocks and watches and parts thereof","2","false","C00","TOTAL CPC","0","0","TOTAL MOT","-1","N/A","0","false","-1","N/A","0","false","0","true","0","false","216787504.898","0","216787504.898","4","false","true",
"C","A","20200101","2020","52","2020","699","IND","India","M","Import","0","W00","World","0","W00","World","H5","HS","true","93","Arms and ammunition; parts and accessories thereof","2","false","C00","TOTAL CPC","0","0","TOTAL MOT","-1","N/A","0","false","-1","N/A","0","false","0","true","0","false","54046095.583","0","54046095.583","4","false","true",
"C","A","20200101","2020","52","2020","699","IND","India","M","Import","0","W00","World","0","W00","World","H5","HS","true","95","Toys, games and sports requisites; parts and accessories thereof","2","false","C00","TOTAL CPC","0","0","TOTAL MOT","-1","N/A","0","false","-1","N/A","0","false","0","true","0","false","407378568.944","0","407378568.944","4","false","true",
"C","A","20200101","2020","52","2020","699","IND","India","M","Import","0","W00","World","0","W00","World","H5","HS","true","97","Works of art; collectors' pieces and antiques","2","false","C00","TOTAL CPC","0","0","TOTAL MOT","-1","N/A","0","false","-1","N/A","0","false","0","true","0","false","58336479.036","0","58336479.036","4","false","true",
"C","A","20210101","2021","52","2021","699","IND","India","M","Import","0","W00","World","0","W00","World","H5","HS","true","02","Meat and edible meat offal","2","false","C00","TOTAL CPC","0","0","TOTAL MOT","-1","N/A","0","false","-1","N/A","0","false","0","false","0","false","3561623.911","0","3561623.911","0","false","true",
"C","A","20210101","2021","52","2021","699","IND","India","M","Import","0","W00","World","0","W00","World","H5","HS","true","03","Fish and crustaceans, molluscs and other aquatic invertebrates","2","false","C00","TOTAL CPC","0","0","TOTAL MOT","-1","N/A","0","false","-1","N/A","0","false","0","false","0","false","143960067.649","0","143960067.649","0","false","true",
"C","A","20210101","2021","52","2021","699","IND","India","M","Import","0","W00","World","0","W00","World","H5","HS","true","06","Trees and other plants, live; bulbs, roots and the like; cut flowers and ornamental foliage","2","false","C00","TOTAL CPC","0","0","TOTAL MOT","-1","N/A","0","false","-1","N/A","0","false","0","false","0","false","33477198.495","0","33477198.495","0","false","true",
"C","A","20210101","2021","52","2021","699","IND","India","M","Import","0","W00","World","0","W00","World","H5","HS","true","16","Meat, fish or crustaceans, molluscs or other aquatic invertebrates; preparations thereof","2","false","C00","TOTAL CPC","0","0","TOTAL MOT","-1","N/A","0","false","-1","N/A","0","false","0","false","0","false","13154470.306","0","13154470.306","0","false","true",
"C","A","20210101","2021","52","2021","699","IND","India","M","Import","0","W00","World","0","W00","World","H5","HS","true","23","Food industries, residues and wastes thereof; prepared animal fodder","2","false","C00","TOTAL CPC","0","0","TOTAL MOT","-1","N/A","0","false","-1","N/A","0","false","0","false","0","false","1183967751.802","0","1183967751.802","0","false","true",
"C","A","20210101","2021","52","2021","699","IND","India","M","Import","0","W00","World","0","W00","World","H5","HS","true","47","Pulp of wood or other fibrous cellulosic material; recovered (waste and scrap) paper or paperboard","2","false","C00","TOTAL CPC","0","0","TOTAL MOT","-1","N/A","0","false","-1","N/A","0","false","0","false","0","false","3217574244.966","0","3217574244.966","0","false","true",
"C","A","20210101","2021","52","2021","699","IND","India","M","Import","0","W00","World","0","W00","World","H5","HS","true","99","Commodities not specified according to kind","2","false","C00","TOTAL CPC","0","0","TOTAL MOT","-1","N/A","0","false","-1","N/A","0","false","0","false","0","false","1387613114.566","0","1387613114.566","0","false","true",
"C","A","20210101","2021","52","2021","699","IND","India","M","Import","0","W00","World","0","W00","World","H5","HS","true","82","Tools, implements, cutlery, spoons and forks, of base metal; parts thereof, of base metal","2","false","C00","TOTAL CPC","0","0","TOTAL MOT","-1","N/A","0","false","-1","N/A","0","false","0","true","0","false","1273204509.502","0","1273204509.502","4","false","true",
"C","A","20210101","2021","52","2021","699","IND","India","M","Import","0","W00","World","0","W00","World","H5","HS","true","04","Dairy produce; birds' eggs; natural honey; edible products of animal origin, not elsewhere specified or included","2","false","C00","TOTAL CPC","0","0","TOTAL MOT","-1","N/A","0","false","-1","N/A","0","false","0","true","0","false","30483816.178","0","30483816.178","4","false","true",
"C","A","20210101","2021","52","2021","699","IND","India","M","Import","0","W00","World","0","W00","World","H5","HS","true","05","Animal originated products; not elsewhere specified or included","2","false","C00","TOTAL CPC","0","0","TOTAL MOT","-1","N/A","0","false","-1","N/A","0","false","0","true","0","false","41624755.703","0","41624755.703","4","false","true",
"C","A","20210101","2021","52","2021","699","IND","India","M","Import","0","W00","World","0","W00","World","H5","HS","true","07","Vegetables and certain roots and tubers; edible","2","false","C00","TOTAL CPC","0","0","TOTAL MOT","-1","N/A","0","false","-1","N/A","0","false","0","true","0","false","2128192180.282","0","2128192180.282","4","false","true",
"C","A","20210101","2021","52","2021","699","IND","India","M","Import","0","W00","World","0","W00","World","H5","HS","true","08","Fruit and nuts, edible; peel of citrus fruit or melons","2","false","C00","TOTAL CPC","0","0","TOTAL MOT","-1","N/A","0","false","-1","N/A","0","false","0","true","0","false","3657869510.754","0","3657869510.754","4","false","true",
"C","A","20210101","2021","52","2021","699","IND","India","M","Import","0","W00","World","0","W00","World","H5","HS","true","09","Coffee, tea, mate and spices","2","false","C00","TOTAL CPC","0","0","TOTAL MOT","-1","N/A","0","false","-1","N/A","0","false","0","true","0","false","900606170.668","0","900606170.668","4","false","true",
"C","A","20210101","2021","52","2021","699","IND","India","M","Import","0","W00","World","0","W00","World","H5","HS","true","10","Cereals","2","false","C00","TOTAL CPC","0","0","TOTAL MOT","-1","N/A","0","false","-1","N/A","0","false","0","true","0","false","41260048.453","0","41260048.453","4","false","true",
"C","A","20210101","2021","52","2021","699","IND","India","M","Import","0","W00","World","0","W00","World","H5","HS","true","11","Products of the milling industry; malt, starches, inulin, wheat gluten","2","false","C00","TOTAL CPC","0","0","TOTAL MOT","-1","N/A","0","false","-1","N/A","0","false","0","true","0","false","71662912.415","0","71662912.415","4","false","true",
"C","A","20210101","2021","52","2021","699","IND","India","M","Import","0","W00","World","0","W00","World","H5","HS","true","12","Oil seeds and oleaginous fruits; miscellaneous grains, seeds and fruit, industrial or medicinal plants; straw and fodder","2","false","C00","TOTAL CPC","0","0","TOTAL MOT","-1","N/A","0","false","-1","N/A","0","false","0","true","0","false","829590392.859","0","829590392.859","4","false","true",
"C","A","20210101","2021","52","2021","699","IND","India","M","Import","0","W00","World","0","W00","World","H5","HS","true","13","Lac; gums, resins and other vegetable saps and extracts","2","false","C00","TOTAL CPC","0","0","TOTAL MOT","-1","N/A","0","false","-1","N/A","0","false","0","true","0","false","277636735.294","0","277636735.294","4","false","true",
"C","A","20210101","2021","52","2021","699","IND","India","M","Import","0","W00","World","0","W00","World","H5","HS","true","14","Vegetable plaiting materials; vegetable products not elsewhere specified or included","2","false","C00","TOTAL CPC","0","0","TOTAL MOT","-1","N/A","0","false","-1","N/A","0","false","0","true","0","false","103000700.185","0","103000700.185","4","false","true",
"C","A","20210101","2021","52","2021","699","IND","India","M","Import","0","W00","World","0","W00","World","H5","HS","true","15","Animal or vegetable fats and oils and their cleavage products; prepared animal fats; animal or vegetable waxes","2","false","C00","TOTAL CPC","0","0","TOTAL MOT","-1","N/A","0","false","-1","N/A","0","false","0","true","0","false","17458998198.203","0","17458998198.203","4","false","true",
"C","A","20210101","2021","52","2021","699","IND","India","M","Import","0","W00","World","0","W00","World","H5","HS","true","17","Sugars and sugar confectionery","2","false","C00","TOTAL CPC","0","0","TOTAL MOT","-1","N/A","0","false","-1","N/A","0","false","0","true","0","false","317715345.888","0","317715345.888","4","false","true",
"C","A","20210101","2021","52","2021","699","IND","India","M","Import","0","W00","World","0","W00","World","H5","HS","true","18","Cocoa and cocoa preparations","2","false","C00","TOTAL CPC","0","0","TOTAL MOT","-1","N/A","0","false","-1","N/A","0","false","0","true","0","false","331446972.241","0","331446972.241","4","false","true",
"C","A","20210101","2021","52","2021","699","IND","India","M","Import","0","W00","World","0","W00","World","H5","HS","true","19","Preparations of cereals, flour, starch or milk; pastrycooks' products","2","false","C00","TOTAL CPC","0","0","TOTAL MOT","-1","N/A","0","false","-1","N/A","0","false","0","true","0","false","141103293.395","0","141103293.395","4","false","true",
"C","A","20210101","2021","52","2021","699","IND","India","M","Import","0","W00","World","0","W00","World","H5","HS","true","20","Preparations of vegetables, fruit, nuts or other parts of plants","2","false","C00","TOTAL CPC","0","0","TOTAL MOT","-1","N/A","0","false","-1","N/A","0","false","0","true","0","false","124437842.824","0","124437842.824","4","false","true",
"C","A","20210101","2021","52","2021","699","IND","India","M","Import","0","W00","World","0","W00","World","H5","HS","true","21","Miscellaneous edible preparations","2","false","C00","TOTAL CPC","0","0","TOTAL MOT","-1","N/A","0","false","-1","N/A","0","false","0","true","0","false","241631631.98","0","241631631.98","4","false","true",
"C","A","20210101","2021","52","2021","699","IND","India","M","Import","0","W00","World","0","W00","World","H5","HS","true","22","Beverages, spirits and vinegar","2","false","C00","TOTAL CPC","0","0","TOTAL MOT","-1","N/A","0","false","-1","N/A","0","false","0","true","0","false","808049456.138","0","808049456.138","4","false","true",
"C","A","20210101","2021","52","2021","699","IND","India","M","Import","0","W00","World","0","W00","World","H5","HS","true","24","Tobacco and manufactured tobacco substitutes","2","false","C00","TOTAL CPC","0","0","TOTAL MOT","-1","N/A","0","false","-1","N/A","0","false","0","true","0","false","44824792.503","0","44824792.503","4","false","true",
"C","A","20210101","2021","52","2021","699","IND","India","M","Import","0","W00","World","0","W00","World","H5","HS","true","26","Ores, slag and ash","2","false","C00","TOTAL CPC","0","0","TOTAL MOT","-1","N/A","0","false","-1","N/A","0","false","0","true","0","false","4975698621.016","0","4975698621.016","4","false","true",
"C","A","20210101","2021","52","2021","699","IND","India","M","Import","0","W00","World","0","W00","World","H5","HS","true","27","Mineral fuels, mineral oils and products of their distillation; bituminous substances; mineral waxes","2","false","C00","TOTAL CPC","0","0","TOTAL MOT","-1","N/A","0","false","-1","N/A","0","false","0","true","0","false","170398554314.657","0","170398554314.657","4","false","true",
"C","A","20210101","2021","52","2021","699","IND","India","M","Import","0","W00","World","0","W00","World","H5","HS","true","28","Inorganic chemicals; organic and inorganic compounds of precious metals; of rare earth metals, of radio-active elements and of isotopes","2","false","C00","TOTAL CPC","0","0","TOTAL MOT","-1","N/A","0","false","-1","N/A","0","false","0","true","0","false","9639014341.283","0","9639014341.283","4","false","true",
"C","A","20210101","2021","52","2021","699","IND","India","M","Import","0","W00","World","0","W00","World","H5","HS","true","29","Organic chemicals","2","false","C00","TOTAL CPC","0","0","TOTAL MOT","-1","N/A","0","false","-1","N/A","0","false","0","true","0","false","27247007275.509","0","27247007275.509","4","false","true",
"C","A","20210101","2021","52","2021","699","IND","India","M","Import","0","W00","World","0","W00","World","H5","HS","true","30","Pharmaceutical products","2","false","C00","TOTAL CPC","0","0","TOTAL MOT","-1","N/A","0","false","-1","N/A","0","false","0","true","0","false","3297325337.413","0","3297325337.413","4","false","true",
"C","A","20210101","2021","52","2021","699","IND","India","M","Import","0","W00","World","0","W00","World","H5","HS","true","31","Fertilizers","2","false","C00","TOTAL CPC","0","0","TOTAL MOT","-1","N/A","0","false","-1","N/A","0","false","0","true","0","false","9116774987.324","0","9116774987.324","4","false","true",
"C","A","20210101","2021","52","2021","699","IND","India","M","Import","0","W00","World","0","W00","World","H5","HS","true","32","Tanning or dyeing extracts; tannins and their derivatives; dyes, pigments and other colouring matter; paints, varnishes; putty, other mastics; inks","2","false","C00","TOTAL CPC","0","0","TOTAL MOT","-1","N/A","0","false","-1","N/A","0","false","0","true","0","false","2543833406.766","0","2543833406.766","4","false","true",
"C","A","20210101","2021","52","2021","699","IND","India","M","Import","0","W00","World","0","W00","World","H5","HS","true","33","Essential oils and resinoids; perfumery, cosmetic or toilet preparations","2","false","C00","TOTAL CPC","0","0","TOTAL MOT","-1","N/A","0","false","-1","N/A","0","false","0","true","0","false","909340734.304","0","909340734.304","4","false","true",
"C","A","20210101","2021","52","2021","699","IND","India","M","Import","0","W00","World","0","W00","World","H5","HS","true","34","Soap, organic surface-active agents; washing, lubricating, polishing or scouring preparations; artificial or prepared waxes, candles and similar articles, modelling pastes, dental waxes and dental preparations with a basis of plaster","2","false","C00","TOTAL CPC","0","0","TOTAL MOT","-1","N/A","0","false","-1","N/A","0","false","0","true","0","false","1239422281.762","0","1239422281.762","4","false","true",
"C","A","20210101","2021","52","2021","699","IND","India","M","Import","0","W00","World","0","W00","World","H5","HS","true","35","Albuminoidal substances; modified starches; glues; enzymes","2","false","C00","TOTAL CPC","0","0","TOTAL MOT","-1","N/A","0","false","-1","N/A","0","false","0","true","0","false","746692915.063","0","746692915.063","4","false","true",
"C","A","20210101","2021","52","2021","699","IND","India","M","Import","0","W00","World","0","W00","World","H5","HS","true","36","Explosives; pyrotechnic products; matches; pyrophoric alloys; certain combustible preparations","2","false","C00","TOTAL CPC","0","0","TOTAL MOT","-1","N/A","0","false","-1","N/A","0","false","0","true","0","false","7989601.272","0","7989601.272","4","false","true",
"C","A","20210101","2021","52","2021","699","IND","India","M","Import","0","W00","World","0","W00","World","H5","HS","true","37","Photographic or cinematographic goods","2","false","C00","TOTAL CPC","0","0","TOTAL MOT","-1","N/A","0","false","-1","N/A","0","false","0","true","0","false","193549205.774","0","193549205.774","4","false","true",
"C","A","20210101","2021","52","2021","699","IND","India","M","Import","0","W00","World","0","W00","World","H5","HS","true","38","Chemical products n.e.c.","2","false","C00","TOTAL CPC","0","0","TOTAL MOT","-1","N/A","0","false","-1","N/A","0","false","0","true","0","false","7779196362.756","0","7779196362.756","4","false","true",
"C","A","20210101","2021","52","2021","699","IND","India","M","Import","0","W00","World","0","W00","World","H5","HS","true","39","Plastics and articles thereof","2","false","C00","TOTAL CPC","0","0","TOTAL MOT","-1","N/A","0","false","-1","N/A","0","false","0","true","0","false","19257672847.424","0","19257672847.424","4","false","true",
"C","A","20210101","2021","52","2021","699","IND","India","M","Import","0","W00","World","0","W00","World","H5","HS","true","40","Rubber and articles thereof","2","false","C00","TOTAL CPC","0","0","TOTAL MOT","-1","N/A","0","false","-1","N/A","0","false","0","true","0","false","4100754888.95","0","4100754888.95","4","false","true",
"C","A","20210101","2021","52","2021","699","IND","India","M","Import","0","W00","World","0","W00","World","H5","HS","true","41","Raw hides and skins (other than furskins) and leather","2","false","C00","TOTAL CPC","0","0","TOTAL MOT","-1","N/A","0","false","-1","N/A","0","false","0","true","0","false","393053646.639","0","393053646.639","4","false","true",
"C","A","20210101","2021","52","2021","699","IND","India","M","Import","0","W00","World","0","W00","World","H5","HS","true","44","Wood and articles of wood; wood charcoal","2","false","C00","TOTAL CPC","0","0","TOTAL MOT","-1","N/A","0","false","-1","N/A","0","false","0","true","0","false","2060746363.86","0","2060746363.86","4","false","true",
"C","A","20210101","2021","52","2021","699","IND","India","M","Import","0","W00","World","0","W00","World","H5","HS","true","45","Cork and articles of cork","2","false","C00","TOTAL CPC","0","0","TOTAL MOT","-1","N/A","0","false","-1","N/A","0","false","0","true","0","false","7439985.575","0","7439985.575","4","false","true",
"C","A","20210101","2021","52","2021","699","IND","India","M","Import","0","W00","World","0","W00","World","H5","HS","true","46","Manufactures of straw, esparto or other plaiting materials; basketware and wickerwork","2","false","C00","TOTAL CPC","0","0","TOTAL MOT","-1","N/A","0","false","-1","N/A","0","false","0","true","0","false","5682196.274","0","5682196.274","4","false","true",
"C","A","20210101","2021","52","2021","699","IND","India","M","Import","0","W00","World","0","W00","World","H5","HS","true","48","Paper and paperboard; articles of paper pulp, of paper or paperboard","2","false","C00","TOTAL CPC","0","0","TOTAL MOT","-1","N/A","0","false","-1","N/A","0","false","0","true","0","false","2150984079.665","0","2150984079.665","4","false","true",
"C","A","20210101","2021","52","2021","699","IND","India","M","Import","0","W00","World","0","W00","World","H5","HS","true","49","Printed books, newspapers, pictures and other products of the printing industry; manuscripts, typescripts and plans","2","false","C00","TOTAL CPC","0","0","TOTAL MOT","-1","N/A","0","false","-1","N/A","0","false","0","true","0","false","263015568.157","0","263015568.157","4","false","true",
"C","A","20210101","2021","52","2021","699","IND","India","M","Import","0","W00","World","0","W00","World","H5","HS","true","51","Wool, fine or coarse animal hair; horsehair yarn and woven fabric","2","false","C00","TOTAL CPC","0","0","TOTAL MOT","-1","N/A","0","false","-1","N/A","0","false","0","true","0","false","241568758.955","0","241568758.955","4","false","true",
"C","A","20210101","2021","52","2021","699","IND","India","M","Import","0","W00","World","0","W00","World","H5","HS","true","52","Cotton","2","false","C00","TOTAL CPC","0","0","TOTAL MOT","-1","N/A","0","false","-1","N/A","0","false","0","true","0","false","711988632.511","0","711988632.511","4","false","true",
"C","A","20210101","2021","52","2021","699","IND","India","M","Import","0","W00","World","0","W00","World","H5","HS","true","54","Man-made filaments; strip and the like of man-made textile materials","2","false","C00","TOTAL CPC","0","0","TOTAL MOT","-1","N/A","0","false","-1","N/A","0","false","0","true","0","false","1499916505.782","0","1499916505.782","4","false","true",
"C","A","20210101","2021","52","2021","699","IND","India","M","Import","0","W00","World","0","W00","World","H5","HS","true","55","Man-made staple fibres","2","false","C00","TOTAL CPC","0","0","TOTAL MOT","-1","N/A","0","false","-1","N/A","0","false","0","true","0","false","1057987250.615","0","1057987250.615","4","false","true",
"C","A","20210101","2021","52","2021","699","IND","India","M","Import","0","W00","World","0","W00","World","H5","HS","true","56","Wadding, felt and nonwovens, special yarns; twine, cordage, ropes and cables and articles thereof","2","false","C00","TOTAL CPC","0","0","TOTAL MOT","-1","N/A","0","false","-1","N/A","0","false","0","true","0","false","446248591.218","0","446248591.218","4","false","true",
"C","A","20210101","2021","52","2021","699","IND","India","M","Import","0","W00","World","0","W00","World","H5","HS","true","58","Fabrics; special woven fabrics, tufted textile fabrics, lace, tapestries, trimmings, embroidery","2","false","C00","TOTAL CPC","0","0","TOTAL MOT","-1","N/A","0","false","-1","N/A","0","false","0","true","0","false","232751312.328","0","232751312.328","4","false","true",
"C","A","20210101","2021","52","2021","699","IND","India","M","Import","0","W00","World","0","W00","World","H5","HS","true","59","Textile fabrics; impregnated, coated, covered or laminated; textile articles of a kind suitable for industrial use","2","false","C00","TOTAL CPC","0","0","TOTAL MOT","-1","N/A","0","false","-1","N/A","0","false","0","true","0","false","830627684.519","0","830627684.519","4","false","true",
"C","A","20210101","2021","52","2021","699","IND","India","M","Import","0","W00","World","0","W00","World","H5","HS","true","60","Fabrics; knitted or crocheted","2","false","C00","TOTAL CPC","0","0","TOTAL MOT","-1","N/A","0","false","-1","N/A","0","false","0","true","0","false","676008455.751","0","676008455.751","4","false","true",
"C","A","20210101","2021","52","2021","699","IND","India","M","Import","0","W00","World","0","W00","World","H5","HS","true","62","Apparel and clothing accessories; not knitted or crocheted","2","false","C00","TOTAL CPC","0","0","TOTAL MOT","-1","N/A","0","false","-1","N/A","0","false","0","true","0","false","601398468.853","0","601398468.853","4","false","true",
"C","A","20210101","2021","52","2021","699","IND","India","M","Import","0","W00","World","0","W00","World","H5","HS","true","63","Textiles, made up articles; sets; worn clothing and worn textile articles; rags","2","false","C00","TOTAL CPC","0","0","TOTAL MOT","-1","N/A","0","false","-1","N/A","0","false","0","true","0","false","613317552.076","0","613317552.076","4","false","true",
"C","A","20210101","2021","52","2021","699","IND","India","M","Import","0","W00","World","0","W00","World","H5","HS","true","65","Headgear and parts thereof","2","false","C00","TOTAL CPC","0","0","TOTAL MOT","-1","N/A","0","false","-1","N/A","0","false","0","true","0","false","32303015.131","0","32303015.131","4","false","true",
"C","A","20210101","2021","52","2021","699","IND","India","M","Import","0","W00","World","0","W00","World","H5","HS","true","66","Umbrellas, sun umbrellas, walking-sticks, seat sticks, whips, riding crops; and parts thereof","2","false","C00","TOTAL CPC","0","0","TOTAL MOT","-1","N/A","0","false","-1","N/A","0","false","0","true","0","false","23582734.059","0","23582734.059","4","false","true",
"C","A","20210101","2021","52","2021","699","IND","India","M","Import","0","W00","World","0","W00","World","H5","HS","true","67","Feathers and down, prepared; and articles made of feather or of down; artificial flowers; articles of human hair","2","false","C00","TOTAL CPC","0","0","TOTAL MOT","-1","N/A","0","false","-1","N/A","0","false","0","true","0","false","22343195.131","0","22343195.131","4","false","true",
"C","A","20210101","2021","52","2021","699","IND","India","M","Import","0","W00","World","0","W00","World","H5","HS","true","68","Stone, plaster, cement, asbestos, mica or similar materials; articles thereof","2","false","C00","TOTAL CPC","0","0","TOTAL MOT","-1","N/A","0","false","-1","N/A","0","false","0","true","0","false","911582535.983","0","911582535.983","4","false","true",
"C","A","20210101","2021","52","2021","699","IND","India","M","Import","0","W00","World","0","W00","World","H5","HS","true","69","Ceramic products","2","false","C00","TOTAL CPC","0","0","TOTAL MOT","-1","N/A","0","false","-1","N/A","0","false","0","true","0","false","682974266.911","0","682974266.911","4","false","true",
"C","A","20210101","2021","52","2021","699","IND","India","M","Import","0","W00","World","0","W00","World","H5","HS","true","70","Glass and glassware","2","false","C00","TOTAL CPC","0","0","TOTAL MOT","-1","N/A","0","false","-1","N/A","0","false","0","true","0","false","1362339038.274","0","1362339038.274","4","false","true",
"C","A","20210101","2021","52","2021","699","IND","India","M","Import","0","W00","World","0","W00","World","H5","HS","true","71","Natural, cultured pearls; precious, semi-precious stones; precious metals, metals clad with precious metal, and articles thereof; imitation jewellery; coin","2","false","C00","TOTAL CPC","0","0","TOTAL MOT","-1","N/A","0","false","-1","N/A","0","false","0","true","0","false","88346259275.377","0","88346259275.377","4","false","true",
"C","A","20210101","2021","52","2021","699","IND","India","M","Import","0","W00","World","0","W00","World","H5","HS","true","73","Iron or steel articles","2","false","C00","TOTAL CPC","0","0","TOTAL MOT","-1","N/A","0","false","-1","N/A","0","false","0","true","0","false","4832123727.679","0","4832123727.679","4","false","true",
"C","A","20210101","2021","52","2021","699","IND","India","M","Import","0","W00","World","0","W00","World","H5","HS","true","74","Copper and articles thereof","2","false","C00","TOTAL CPC","0","0","TOTAL MOT","-1","N/A","0","false","-1","N/A","0","false","0","true","0","false","6692847559.164","0","6692847559.164","4","false","true",
"C","A","20210101","2021","52","2021","699","IND","India","M","Import","0","W00","World","0","W00","World","H5","HS","true","75","Nickel and articles thereof","2","false","C00","TOTAL CPC","0","0","TOTAL MOT","-1","N/A","0","false","-1","N/A","0","false","0","true","0","false","1038778664.478","0","1038778664.478","4","false","true",
"C","A","20210101","2021","52","2021","699","IND","India","M","Import","0","W00","World","0","W00","World","H5","HS","true","76","Aluminium and articles thereof","2","false","C00","TOTAL CPC","0","0","TOTAL MOT","-1","N/A","0","false","-1","N/A","0","false","0","true","0","false","5679251383.823","0","5679251383.823","4","false","true",
"C","A","20210101","2021","52","2021","699","IND","India","M","Import","0","W00","World","0","W00","World","H5","HS","true","78","Lead and articles thereof","2","false","C00","TOTAL CPC","0","0","TOTAL MOT","-1","N/A","0","false","-1","N/A","0","false","0","true","0","false","699092776.718","0","699092776.718","4","false","true",
"C","A","20210101","2021","52","2021","699","IND","India","M","Import","0","W00","World","0","W00","World","H5","HS","true","79","Zinc and articles thereof","2","false","C00","TOTAL CPC","0","0","TOTAL MOT","-1","N/A","0","false","-1","N/A","0","false","0","true","0","false","649988987.619","0","649988987.619","4","false","true",
"C","A","20210101","2021","52","2021","699","IND","India","M","Import","0","W00","World","0","W00","World","H5","HS","true","80","Tin; articles thereof","2","false","C00","TOTAL CPC","0","0","TOTAL MOT","-1","N/A","0","false","-1","N/A","0","false","0","true","0","false","349984969.492","0","349984969.492","4","false","true",
"C","A","20210101","2021","52","2021","699","IND","India","M","Import","0","W00","World","0","W00","World","H5","HS","true","81","Metals; n.e.c., cermets and articles thereof","2","false","C00","TOTAL CPC","0","0","TOTAL MOT","-1","N/A","0","false","-1","N/A","0","false","0","true","0","false","528645560.643","0","528645560.643","4","false","true",
"C","A","20210101","2021","52","2021","699","IND","India","M","Import","0","W00","World","0","W00","World","H5","HS","true","83","Metal; miscellaneous products of base metal","2","false","C00","TOTAL CPC","0","0","TOTAL MOT","-1","N/A","0","false","-1","N/A","0","false","0","true","0","false","1035252275.964","0","1035252275.964","4","false","true",
"C","A","20210101","2021","52","2021","699","IND","India","M","Import","0","W00","World","0","W00","World","H5","HS","true","87","Vehicles; other than railway or tramway rolling stock, and parts and accessories thereof","2","false","C00","TOTAL CPC","0","0","TOTAL MOT","-1","N/A","0","false","-1","N/A","0","false","0","true","0","false","6411251601.535","0","6411251601.535","4","false","true",
"C","A","20210101","2021","52","2021","699","IND","India","M","Import","0","W00","World","0","W00","World","H5","HS","true","88","Aircraft, spacecraft and parts thereof","2","false","C00","TOTAL CPC","0","0","TOTAL MOT","-1","N/A","0","false","-1","N/A","0","false","0","true","0","false","865585355.105","0","865585355.105","4","false","true",
"C","A","20210101","2021","52","2021","699","IND","India","M","Import","0","W00","World","0","W00","World","H5","HS","true","94","Furniture; bedding, mattresses, mattress supports, cushions and similar stuffed furnishings; lamps and lighting fittings, n.e.c.; illuminated signs, illuminated name-plates and the like; prefabricated buildings","2","false","C00","TOTAL CPC","0","0","TOTAL MOT","-1","N/A","0","false","-1","N/A","0","false","0","true","0","false","1337480617.577","0","1337480617.577","4","false","true",
"C","A","20210101","2021","52","2021","699","IND","India","M","Import","0","W00","World","0","W00","World","H5","HS","true","95","Toys, games and sports requisites; parts and accessories thereof","2","false","C00","TOTAL CPC","0","0","TOTAL MOT","-1","N/A","0","false","-1","N/A","0","false","0","true","0","false","397863019.054","0","397863019.054","4","false","true",
"C","A","20210101","2021","52","2021","699","IND","India","M","Import","0","W00","World","0","W00","World","H5","HS","true","01","Animals; live","2","false","C00","TOTAL CPC","0","0","TOTAL MOT","-1","N/A","0","false","-1","N/A","0","false","0","true","0","false","10765462.359","0","10765462.359","4","false","true",
"C","A","20210101","2021","52","2021","699","IND","India","M","Import","0","W00","World","0","W00","World","H5","HS","true","25","Salt; sulphur; earths, stone; plastering materials, lime and cement","2","false","C00","TOTAL CPC","0","0","TOTAL MOT","-1","N/A","0","false","-1","N/A","0","false","0","true","0","false","3585509344.246","0","3585509344.246","4","false","true",
"C","A","20210101","2021","52","2021","699","IND","India","M","Import","0","W00","World","0","W00","World","H5","HS","true","42","Articles of leather; saddlery and harness; travel goods, handbags and similar containers; articles of animal gut (other than silk-worm gut)","2","false","C00","TOTAL CPC","0","0","TOTAL MOT","-1","N/A","0","false","-1","N/A","0","false","0","true","0","false","316567440.077","0","316567440.077","4","false","true",
"C","A","20210101","2021","52","2021","699","IND","India","M","Import","0","W00","World","0","W00","World","H5","HS","true","43","Furskins and artificial fur; manufactures thereof","2","false","C00","TOTAL CPC","0","0","TOTAL MOT","-1","N/A","0","false","-1","N/A","0","false","0","true","0","false","5066138.148","0","5066138.148","4","false","true",
"C","A","20210101","2021","52","2021","699","IND","India","M","Import","0","W00","World","0","W00","World","H5","HS","true","50","Silk","2","false","C00","TOTAL CPC","0","0","TOTAL MOT","-1","N/A","0","false","-1","N/A","0","false","0","true","0","false","135881679.606","0","135881679.606","4","false","true",
"C","A","20210101","2021","52","2021","699","IND","India","M","Import","0","W00","World","0","W00","World","H5","HS","true","53","Vegetable textile fibres; paper yarn and woven fabrics of paper yarn","2","false","C00","TOTAL CPC","0","0","TOTAL MOT","-1","N/A","0","false","-1","N/A","0","false","0","true","0","false","378726168.035","0","378726168.035","4","false","true",
"C","A","20210101","2021","52","2021","699","IND","India","M","Import","0","W00","World","0","W00","World","H5","HS","true","57","Carpets and other textile floor coverings","2","false","C00","TOTAL CPC","0","0","TOTAL MOT","-1","N/A","0","false","-1","N/A","0","false","0","true","0","false","100088616.754","0","100088616.754","4","false","true",
"C","A","20210101","2021","52","2021","699","IND","India","M","Import","0","W00","World","0","W00","World","H5","HS","true","61","Apparel and clothing accessories; knitted or crocheted","2","false","C00","TOTAL CPC","0","0","TOTAL MOT","-1","N/A","0","false","-1","N/A","0","false","0","true","0","false","556908250.517","0","556908250.517","4","false","true",
"C","A","20210101","2021","52","2021","699","IND","India","M","Import","0","W00","World","0","W00","World","H5","HS","true","64","Footwear; gaiters and the like; parts of such articles","2","false","C00","TOTAL CPC","0","0","TOTAL MOT","-1","N/A","0","false","-1","N/A","0","false","0","true","0","false","600355353.757","0","600355353.757","4","false","true",
"C","A","20210101","2021","52","2021","699","IND","India","M","Import","0","W00","World","0","W00","World","H5","HS","true","72","Iron and steel","2","false","C00","TOTAL CPC","0","0","TOTAL MOT","-1","N/A","0","false","-1","N/A","0","false","0","true","0","false","11679975651.632","0","11679975651.632","4","false","true",
"C","A","20210101","2021","52","2021","699","IND","India","M","Import","0","W00","World","0","W00","World","H5","HS","true","84","Nuclear reactors, boilers, machinery and mechanical appliances; parts thereof","2","false","C00","TOTAL CPC","0","0","TOTAL MOT","-1","N/A","0","false","-1","N/A","0","false","0","true","0","false","48414563011.929","0","48414563011.929","4","false","true",
"C","A","20210101","2021","52","2021","699","IND","India","M","Import","0","W00","World","0","W00","World","H5","HS","true","85","Electrical machinery and equipment and parts thereof; sound recorders and reproducers; television image and sound recorders and reproducers, parts and accessories of such articles","2","false","C00","TOTAL CPC","0","0","TOTAL MOT","-1","N/A","0","false","-1","N/A","0","false","0","true","0","false","56725007901.649","0","56725007901.649","4","false","true",
"C","A","20210101","2021","52","2021","699","IND","India","M","Import","0","W00","World","0","W00","World","H5","HS","true","86","Railway, tramway locomotives, rolling-stock and parts thereof; railway or tramway track fixtures and fittings and parts thereof; mechanical (including electro-mechanical) traffic signalling equipment of all kinds","2","false","C00","TOTAL CPC","0","0","TOTAL MOT","-1","N/A","0","false","-1","N/A","0","false","0","true","0","false","505152790.22","0","505152790.22","4","false","true",
"C","A","20210101","2021","52","2021","699","IND","India","M","Import","0","W00","World","0","W00","World","H5","HS","true","89","Ships, boats and floating structures","2","false","C00","TOTAL CPC","0","0","TOTAL MOT","-1","N/A","0","false","-1","N/A","0","false","0","true","0","false","4801678746.465","0","4801678746.465","4","false","true",
"C","A","20210101","2021","52","2021","699","IND","India","M","Import","0","W00","World","0","W00","World","H5","HS","true","90","Optical, photographic, cinematographic, measuring, checking, medical or surgical instruments and apparatus; parts and accessories","2","false","C00","TOTAL CPC","0","0","TOTAL MOT","-1","N/A","0","false","-1","N/A","0","false","0","true","0","false","11319863328.912","0","11319863328.912","4","false","true",
"C","A","20210101","2021","52","2021","699","IND","India","M","Import","0","W00","World","0","W00","World","H5","HS","true","91","Clocks and watches and parts thereof","2","false","C00","TOTAL CPC","0","0","TOTAL MOT","-1","N/A","0","false","-1","N/A","0","false","0","true","0","false","376235715.503","0","376235715.503","4","false","true",
"C","A","20210101","2021","52","2021","699","IND","India","M","Import","0","W00","World","0","W00","World","H5","HS","true","92","Musical instruments; parts and accessories of such articles","2","false","C00","TOTAL CPC","0","0","TOTAL MOT","-1","N/A","0","false","-1","N/A","0","false","0","true","0","false","58442165.481","0","58442165.481","4","false","true",
"C","A","20210101","2021","52","2021","699","IND","India","M","Import","0","W00","World","0","W00","World","H5","HS","true","93","Arms and ammunition; parts and accessories thereof","2","false","C00","TOTAL CPC","0","0","TOTAL MOT","-1","N/A","0","false","-1","N/A","0","false","0","true","0","false","121844998.201","0","121844998.201","4","false","true",
"C","A","20210101","2021","52","2021","699","IND","India","M","Import","0","W00","World","0","W00","World","H5","HS","true","96","Miscellaneous manufactured articles","2","false","C00","TOTAL CPC","0","0","TOTAL MOT","-1","N/A","0","false","-1","N/A","0","false","0","true","0","false","690102612.285","0","690102612.285","4","false","true",
"C","A","20210101","2021","52","2021","699","IND","India","M","Import","0","W00","World","0","W00","World","H5","HS","true","97","Works of art; collectors' pieces and antiques","2","false","C00","TOTAL CPC","0","0","TOTAL MOT","-1","N/A","0","false","-1","N/A","0","false","0","true","0","false","67528645.052","0","67528645.052","4","false","true",
"C","A","20210101","2021","52","2021","699","IND","India","X","Export","0","W00","World","0","W00","World","H5","HS","true","01","Animals; live","2","false","C00","TOTAL CPC","0","0","TOTAL MOT","-1","N/A","0","false","-1","N/A","0","false","0","true","0","false","0","10803673.547","10803673.547","4","false","true",
"C","A","20210101","2021","52","2021","699","IND","India","X","Export","0","W00","World","0","W00","World","H5","HS","true","05","Animal originated products; not elsewhere specified or included","2","false","C00","TOTAL CPC","0","0","TOTAL MOT","-1","N/A","0","false","-1","N/A","0","false","0","true","0","false","0","261264083.707","261264083.707","4","false","true",
"C","A","20210101","2021","52","2021","699","IND","India","X","Export","0","W00","World","0","W00","World","H5","HS","true","37","Photographic or cinematographic goods","2","false","C00","TOTAL CPC","0","0","TOTAL MOT","-1","N/A","0","false","-1","N/A","0","false","0","true","0","false","0","10255534.734","10255534.734","4","false","true",
"C","A","20210101","2021","52","2021","699","IND","India","X","Export","0","W00","World","0","W00","World","H5","HS","true","42","Articles of leather; saddlery and harness; travel goods, handbags and similar containers; articles of animal gut (other than silk-worm gut)","2","false","C00","TOTAL CPC","0","0","TOTAL MOT","-1","N/A","0","false","-1","N/A","0","false","0","true","0","false","0","2366631724.866","2366631724.866","4","false","true",
"C","A","20210101","2021","52","2021","699","IND","India","X","Export","0","W00","World","0","W00","World","H5","HS","true","50","Silk","2","false","C00","TOTAL CPC","0","0","TOTAL MOT","-1","N/A","0","false","-1","N/A","0","false","0","true","0","false","0","117093635.015","117093635.015","4","false","true",
"C","A","20210101","2021","52","2021","699","IND","India","X","Export","0","W00","World","0","W00","World","H5","HS","true","51","Wool, fine or coarse animal hair; horsehair yarn and woven fabric","2","false","C00","TOTAL CPC","0","0","TOTAL MOT","-1","N/A","0","false","-1","N/A","0","false","0","true","0","false","0","119258183.664","119258183.664","4","false","true",
"C","A","20210101","2021","52","2021","699","IND","India","X","Export","0","W00","World","0","W00","World","H5","HS","true","53","Vegetable textile fibres; paper yarn and woven fabrics of paper yarn","2","false","C00","TOTAL CPC","0","0","TOTAL MOT","-1","N/A","0","false","-1","N/A","0","false","0","true","0","false","0","674611976.455","674611976.455","4","false","true",
"C","A","20210101","2021","52","2021","699","IND","India","X","Export","0","W00","World","0","W00","World","H5","HS","true","54","Man-made filaments; strip and the like of man-made textile materials","2","false","C00","TOTAL CPC","0","0","TOTAL MOT","-1","N/A","0","false","-1","N/A","0","false","0","true","0","false","0","2340843550.871","2340843550.871","4","false","true",
"C","A","20210101","2021","52","2021","699","IND","India","X","Export","0","W00","World","0","W00","World","H5","HS","true","57","Carpets and other textile floor coverings","2","false","C00","TOTAL CPC","0","0","TOTAL MOT","-1","N/A","0","false","-1","N/A","0","false","0","true","0","false","0","2263926059.357","2263926059.357","4","false","true",
"C","A","20210101","2021","52","2021","699","IND","India","X","Export","0","W00","World","0","W00","World","H5","HS","true","61","Apparel and clothing accessories; knitted or crocheted","2","false","C00","TOTAL CPC","0","0","TOTAL MOT","-1","N/A","0","false","-1","N/A","0","false","0","true","0","false","0","7870323034.401","7870323034.401","4","false","true",
"C","A","20210101","2021","52","2021","699","IND","India","X","Export","0","W00","World","0","W00","World","H5","HS","true","62","Apparel and clothing accessories; not knitted or crocheted","2","false","C00","TOTAL CPC","0","0","TOTAL MOT","-1","N/A","0","false","-1","N/A","0","false","0","true","0","false","0","7332885448.126","7332885448.126","4","false","true",
"C","A","20210101","2021","52","2021","699","IND","India","X","Export","0","W00","World","0","W00","World","H5","HS","true","64","Footwear; gaiters and the like; parts of such articles","2","false","C00","TOTAL CPC","0","0","TOTAL MOT","-1","N/A","0","false","-1","N/A","0","false","0","true","0","false","0","2337822446.578","2337822446.578","4","false","true",
"C","A","20210101","2021","52","2021","699","IND","India","X","Export","0","W00","World","0","W00","World","H5","HS","true","84","Nuclear reactors, boilers, machinery and mechanical appliances; parts thereof","2","false","C00","TOTAL CPC","0","0","TOTAL MOT","-1","N/A","0","false","-1","N/A","0","false","0","true","0","false","0","24165782192.1","24165782192.1","4","false","true",
"C","A","20210101","2021","52","2021","699","IND","India","X","Export","0","W00","World","0","W00","World","H5","HS","true","87","Vehicles; other than railway or tramway rolling stock, and parts and accessories thereof","2","false","C00","TOTAL CPC","0","0","TOTAL MOT","-1","N/A","0","false","-1","N/A","0","false","0","true","0","false","0","18897162043.048","18897162043.048","4","false","true",
"C","A","20210101","2021","52","2021","699","IND","India","X","Export","0","W00","World","0","W00","World","H5","HS","true","88","Aircraft, spacecraft and parts thereof","2","false","C00","TOTAL CPC","0","0","TOTAL MOT","-1","N/A","0","false","-1","N/A","0","false","0","true","0","false","0","1135573385.754","1135573385.754","4","false","true",
"C","A","20210101","2021","52","2021","699","IND","India","X","Export","0","W00","World","0","W00","World","H5","HS","true","89","Ships, boats and floating structures","2","false","C00","TOTAL CPC","0","0","TOTAL MOT","-1","N/A","0","false","-1","N/A","0","false","0","true","0","false","0","4289883787.023","4289883787.023","4","false","true",
"C","A","20210101","2021","52","2021","699","IND","India","X","Export","0","W00","World","0","W00","World","H5","HS","true","91","Clocks and watches and parts thereof","2","false","C00","TOTAL CPC","0","0","TOTAL MOT","-1","N/A","0","false","-1","N/A","0","false","0","true","0","false","0","90524840.154","90524840.154","4","false","true",
"C","A","20210101","2021","52","2021","699","IND","India","X","Export","0","W00","World","0","W00","World","H5","HS","true","92","Musical instruments; parts and accessories of such articles","2","false","C00","TOTAL CPC","0","0","TOTAL MOT","-1","N/A","0","false","-1","N/A","0","false","0","true","0","false","0","35546279.081","35546279.081","4","false","true",
"C","A","20210101","2021","52","2021","699","IND","India","X","Export","0","W00","World","0","W00","World","H5","HS","true","93","Arms and ammunition; parts and accessories thereof","2","false","C00","TOTAL CPC","0","0","TOTAL MOT","-1","N/A","0","false","-1","N/A","0","false","0","true","0","false","0","252547088.252","252547088.252","4","false","true",
"C","A","20210101","2021","52","2021","699","IND","India","X","Export","0","W00","World","0","W00","World","H5","HS","true","97","Works of art; collectors' pieces and antiques","2","false","C00","TOTAL CPC","0","0","TOTAL MOT","-1","N/A","0","false","-1","N/A","0","false","0","true","0","false","0","70259430.532","70259430.532","4","false","true",
"C","A","20210101","2021","52","2021","699","IND","India","X","Export","0","W00","World","0","W00","World","H5","HS","true","99","Commodities not specified according to kind","2","false","C00","TOTAL CPC","0","0","TOTAL MOT","-1","N/A","0","false","-1","N/A","0","false","0","false","0","false","0","88617080.516","88617080.516","0","false","true",
"C","A","20210101","2021","52","2021","699","IND","India","X","Export","0","W00","World","0","W00","World","H5","HS","true","82","Tools, implements, cutlery, spoons and forks, of base metal; parts thereof, of base metal","2","false","C00","TOTAL CPC","0","0","TOTAL MOT","-1","N/A","0","false","-1","N/A","0","false","0","true","0","false","0","1120803079.978","1120803079.978","4","false","true",
"C","A","20210101","2021","52","2021","699","IND","India","X","Export","0","W00","World","0","W00","World","H5","HS","true","02","Meat and edible meat offal","2","false","C00","TOTAL CPC","0","0","TOTAL MOT","-1","N/A","0","false","-1","N/A","0","false","0","true","0","false","0","3384030600.885","3384030600.885","4","false","true",
"C","A","20210101","2021","52","2021","699","IND","India","X","Export","0","W00","World","0","W00","World","H5","HS","true","03","Fish and crustaceans, molluscs and other aquatic invertebrates","2","false","C00","TOTAL CPC","0","0","TOTAL MOT","-1","N/A","0","false","-1","N/A","0","false","0","true","0","false","0","6734828526.347","6734828526.347","4","false","true",
"C","A","20210101","2021","52","2021","699","IND","India","X","Export","0","W00","World","0","W00","World","H5","HS","true","04","Dairy produce; birds' eggs; natural honey; edible products of animal origin, not elsewhere specified or included","2","false","C00","TOTAL CPC","0","0","TOTAL MOT","-1","N/A","0","false","-1","N/A","0","false","0","true","0","false","0","498944400.73","498944400.73","4","false","true",
"C","A","20210101","2021","52","2021","699","IND","India","X","Export","0","W00","World","0","W00","World","H5","HS","true","06","Trees and other plants, live; bulbs, roots and the like; cut flowers and ornamental foliage","2","false","C00","TOTAL CPC","0","0","TOTAL MOT","-1","N/A","0","false","-1","N/A","0","false","0","true","0","false","0","98099531.26","98099531.26","4","false","true",
"C","A","20210101","2021","52","2021","699","IND","India","X","Export","0","W00","World","0","W00","World","H5","HS","true","07","Vegetables and certain roots and tubers; edible","2","false","C00","TOTAL CPC","0","0","TOTAL MOT","-1","N/A","0","false","-1","N/A","0","false","0","true","0","false","0","1397719508.321","1397719508.321","4","false","true",
"C","A","20210101","2021","52","2021","699","IND","India","X","Export","0","W00","World","0","W00","World","H5","HS","true","08","Fruit and nuts, edible; peel of citrus fruit or melons","2","false","C00","TOTAL CPC","0","0","TOTAL MOT","-1","N/A","0","false","-1","N/A","0","false","0","true","0","false","0","1526831406.75","1526831406.75","4","false","true",
"C","A","20210101","2021","52","2021","699","IND","India","X","Export","0","W00","World","0","W00","World","H5","HS","true","09","Coffee, tea, mate and spices","2","false","C00","TOTAL CPC","0","0","TOTAL MOT","-1","N/A","0","false","-1","N/A","0","false","0","true","0","false","0","4066065814.313","4066065814.313","4","false","true",
"C","A","20210101","2021","52","2021","699","IND","India","X","Export","0","W00","World","0","W00","World","H5","HS","true","10","Cereals","2","false","C00","TOTAL CPC","0","0","TOTAL MOT","-1","N/A","0","false","-1","N/A","0","false","0","true","0","false","0","12350066605.784","12350066605.784","4","false","true",
"C","A","20210101","2021","52","2021","699","IND","India","X","Export","0","W00","World","0","W00","World","H5","HS","true","11","Products of the milling industry; malt, starches, inulin, wheat gluten","2","false","C00","TOTAL CPC","0","0","TOTAL MOT","-1","N/A","0","false","-1","N/A","0","false","0","true","0","false","0","576000722.433","576000722.433","4","false","true",
"C","A","20210101","2021","52","2021","699","IND","India","X","Export","0","W00","World","0","W00","World","H5","HS","true","12","Oil seeds and oleaginous fruits; miscellaneous grains, seeds and fruit, industrial or medicinal plants; straw and fodder","2","false","C00","TOTAL CPC","0","0","TOTAL MOT","-1","N/A","0","false","-1","N/A","0","false","0","true","0","false","0","1780539477.512","1780539477.512","4","false","true",
"C","A","20210101","2021","52","2021","699","IND","India","X","Export","0","W00","World","0","W00","World","H5","HS","true","13","Lac; gums, resins and other vegetable saps and extracts","2","false","C00","TOTAL CPC","0","0","TOTAL MOT","-1","N/A","0","false","-1","N/A","0","false","0","true","0","false","0","867029010.195","867029010.195","4","false","true",
"C","A","20210101","2021","52","2021","699","IND","India","X","Export","0","W00","World","0","W00","World","H5","HS","true","14","Vegetable plaiting materials; vegetable products not elsewhere specified or included","2","false","C00","TOTAL CPC","0","0","TOTAL MOT","-1","N/A","0","false","-1","N/A","0","false","0","true","0","false","0","57180969.004","57180969.004","4","false","true",
"C","A","20210101","2021","52","2021","699","IND","India","X","Export","0","W00","World","0","W00","World","H5","HS","true","15","Animal or vegetable fats and oils and their cleavage products; prepared animal fats; animal or vegetable waxes","2","false","C00","TOTAL CPC","0","0","TOTAL MOT","-1","N/A","0","false","-1","N/A","0","false","0","true","0","false","0","1652354774.285","1652354774.285","4","false","true",
"C","A","20210101","2021","52","2021","699","IND","India","X","Export","0","W00","World","0","W00","World","H5","HS","true","16","Meat, fish or crustaceans, molluscs or other aquatic invertebrates; preparations thereof","2","false","C00","TOTAL CPC","0","0","TOTAL MOT","-1","N/A","0","false","-1","N/A","0","false","0","true","0","false","0","720506816.98","720506816.98","4","false","true",
"C","A","20210101","2021","52","2021","699","IND","India","X","Export","0","W00","World","0","W00","World","H5","HS","true","17","Sugars and sugar confectionery","2","false","C00","TOTAL CPC","0","0","TOTAL MOT","-1","N/A","0","false","-1","N/A","0","false","0","true","0","false","0","4310232209.431","4310232209.431","4","false","true",
"C","A","20210101","2021","52","2021","699","IND","India","X","Export","0","W00","World","0","W00","World","H5","HS","true","18","Cocoa and cocoa preparations","2","false","C00","TOTAL CPC","0","0","TOTAL MOT","-1","N/A","0","false","-1","N/A","0","false","0","true","0","false","0","159348018.172","159348018.172","4","false","true",
"C","A","20210101","2021","52","2021","699","IND","India","X","Export","0","W00","World","0","W00","World","H5","HS","true","19","Preparations of cereals, flour, starch or milk; pastrycooks' products","2","false","C00","TOTAL CPC","0","0","TOTAL MOT","-1","N/A","0","false","-1","N/A","0","false","0","true","0","false","0","631359451.566","631359451.566","4","false","true",
"C","A","20210101","2021","52","2021","699","IND","India","X","Export","0","W00","World","0","W00","World","H5","HS","true","20","Preparations of vegetables, fruit, nuts or other parts of plants","2","false","C00","TOTAL CPC","0","0","TOTAL MOT","-1","N/A","0","false","-1","N/A","0","false","0","true","0","false","0","753603831.886","753603831.886","4","false","true",
"C","A","20210101","2021","52","2021","699","IND","India","X","Export","0","W00","World","0","W00","World","H5","HS","true","21","Miscellaneous edible preparations","2","false","C00","TOTAL CPC","0","0","TOTAL MOT","-1","N/A","0","false","-1","N/A","0","false","0","true","0","false","0","1070247391.654","1070247391.654","4","false","true",
"C","A","20210101","2021","52","2021","699","IND","India","X","Export","0","W00","World","0","W00","World","H5","HS","true","22","Beverages, spirits and vinegar","2","false","C00","TOTAL CPC","0","0","TOTAL MOT","-1","N/A","0","false","-1","N/A","0","false","0","true","0","false","0","332114431.858","332114431.858","4","false","true",
"C","A","20210101","2021","52","2021","699","IND","India","X","Export","0","W00","World","0","W00","World","H5","HS","true","23","Food industries, residues and wastes thereof; prepared animal fodder","2","false","C00","TOTAL CPC","0","0","TOTAL MOT","-1","N/A","0","false","-1","N/A","0","false","0","true","0","false","0","1896918985.014","1896918985.014","4","false","true",
"C","A","20210101","2021","52","2021","699","IND","India","X","Export","0","W00","World","0","W00","World","H5","HS","true","24","Tobacco and manufactured tobacco substitutes","2","false","C00","TOTAL CPC","0","0","TOTAL MOT","-1","N/A","0","false","-1","N/A","0","false","0","true","0","false","0","911912475.848","911912475.848","4","false","true",
"C","A","20210101","2021","52","2021","699","IND","India","X","Export","0","W00","World","0","W00","World","H5","HS","true","25","Salt; sulphur; earths, stone; plastering materials, lime and cement","2","false","C00","TOTAL CPC","0","0","TOTAL MOT","-1","N/A","0","false","-1","N/A","0","false","0","true","0","false","0","2087095388.68","2087095388.68","4","false","true",
"C","A","20210101","2021","52","2021","699","IND","India","X","Export","0","W00","World","0","W00","World","H5","HS","true","26","Ores, slag and ash","2","false","C00","TOTAL CPC","0","0","TOTAL MOT","-1","N/A","0","false","-1","N/A","0","false","0","true","0","false","0","4519783149.412","4519783149.412","4","false","true",
"C","A","20210101","2021","52","2021","699","IND","India","X","Export","0","W00","World","0","W00","World","H5","HS","true","27","Mineral fuels, mineral oils and products of their distillation; bituminous substances; mineral waxes","2","false","C00","TOTAL CPC","0","0","TOTAL MOT","-1","N/A","0","false","-1","N/A","0","false","0","true","0","false","0","56400638754.019","56400638754.019","4","false","true",
"C","A","20210101","2021","52","2021","699","IND","India","X","Export","0","W00","World","0","W00","World","H5","HS","true","28","Inorganic chemicals; organic and inorganic compounds of precious metals; of rare earth metals, of radio-active elements and of isotopes","2","false","C00","TOTAL CPC","0","0","TOTAL MOT","-1","N/A","0","false","-1","N/A","0","false","0","true","0","false","0","2409661782.828","2409661782.828","4","false","true",
"C","A","20210101","2021","52","2021","699","IND","India","X","Export","0","W00","World","0","W00","World","H5","HS","true","29","Organic chemicals","2","false","C00","TOTAL CPC","0","0","TOTAL MOT","-1","N/A","0","false","-1","N/A","0","false","0","true","0","false","0","21184105253.017","21184105253.017","4","false","true",
"C","A","20210101","2021","52","2021","699","IND","India","X","Export","0","W00","World","0","W00","World","H5","HS","true","30","Pharmaceutical products","2","false","C00","TOTAL CPC","0","0","TOTAL MOT","-1","N/A","0","false","-1","N/A","0","false","0","true","0","false","0","19460516245.117","19460516245.117","4","false","true",
"C","A","20210101","2021","52","2021","699","IND","India","X","Export","0","W00","World","0","W00","World","H5","HS","true","31","Fertilizers","2","false","C00","TOTAL CPC","0","0","TOTAL MOT","-1","N/A","0","false","-1","N/A","0","false","0","true","0","false","0","84985159.89","84985159.89","4","false","true",
"C","A","20210101","2021","52","2021","699","IND","India","X","Export","0","W00","World","0","W00","World","H5","HS","true","32","Tanning or dyeing extracts; tannins and their derivatives; dyes, pigments and other colouring matter; paints, varnishes; putty, other mastics; inks","2","false","C00","TOTAL CPC","0","0","TOTAL MOT","-1","N/A","0","false","-1","N/A","0","false","0","true","0","false","0","3843156686.46","3843156686.46","4","false","true",
"C","A","20210101","2021","52","2021","699","IND","India","X","Export","0","W00","World","0","W00","World","H5","HS","true","33","Essential oils and resinoids; perfumery, cosmetic or toilet preparations","2","false","C00","TOTAL CPC","0","0","TOTAL MOT","-1","N/A","0","false","-1","N/A","0","false","0","true","0","false","0","2158791491.368","2158791491.368","4","false","true",
"C","A","20210101","2021","52","2021","699","IND","India","X","Export","0","W00","World","0","W00","World","H5","HS","true","34","Soap, organic surface-active agents; washing, lubricating, polishing or scouring preparations; artificial or prepared waxes, candles and similar articles, modelling pastes, dental waxes and dental preparations with a basis of plaster","2","false","C00","TOTAL CPC","0","0","TOTAL MOT","-1","N/A","0","false","-1","N/A","0","false","0","true","0","false","0","823806072.849","823806072.849","4","false","true",
"C","A","20210101","2021","52","2021","699","IND","India","X","Export","0","W00","World","0","W00","World","H5","HS","true","35","Albuminoidal substances; modified starches; glues; enzymes","2","false","C00","TOTAL CPC","0","0","TOTAL MOT","-1","N/A","0","false","-1","N/A","0","false","0","true","0","false","0","332817006.519","332817006.519","4","false","true",
"C","A","20210101","2021","52","2021","699","IND","India","X","Export","0","W00","World","0","W00","World","H5","HS","true","36","Explosives; pyrotechnic products; matches; pyrophoric alloys; certain combustible preparations","2","false","C00","TOTAL CPC","0","0","TOTAL MOT","-1","N/A","0","false","-1","N/A","0","false","0","true","0","false","0","147114144.65","147114144.65","4","false","true",
"C","A","20210101","2021","52","2021","699","IND","India","X","Export","0","W00","World","0","W00","World","H5","HS","true","38","Chemical products n.e.c.","2","false","C00","TOTAL CPC","0","0","TOTAL MOT","-1","N/A","0","false","-1","N/A","0","false","0","true","0","false","0","6473710958.083","6473710958.083","4","false","true",
"C","A","20210101","2021","52","2021","699","IND","India","X","Export","0","W00","World","0","W00","World","H5","HS","true","39","Plastics and articles thereof","2","false","C00","TOTAL CPC","0","0","TOTAL MOT","-1","N/A","0","false","-1","N/A","0","false","0","true","0","false","0","8555158212.267","8555158212.267","4","false","true",
"C","A","20210101","2021","52","2021","699","IND","India","X","Export","0","W00","World","0","W00","World","H5","HS","true","40","Rubber and articles thereof","2","false","C00","TOTAL CPC","0","0","TOTAL MOT","-1","N/A","0","false","-1","N/A","0","false","0","true","0","false","0","4451962297.527","4451962297.527","4","false","true",
"C","A","20210101","2021","52","2021","699","IND","India","X","Export","0","W00","World","0","W00","World","H5","HS","true","41","Raw hides and skins (other than furskins) and leather","2","false","C00","TOTAL CPC","0","0","TOTAL MOT","-1","N/A","0","false","-1","N/A","0","false","0","true","0","false","0","449676834.465","449676834.465","4","false","true",
"C","A","20210101","2021","52","2021","699","IND","India","X","Export","0","W00","World","0","W00","World","H5","HS","true","43","Furskins and artificial fur; manufactures thereof","2","false","C00","TOTAL CPC","0","0","TOTAL MOT","-1","N/A","0","false","-1","N/A","0","false","0","true","0","false","0","22908072.09","22908072.09","4","false","true",
"C","A","20210101","2021","52","2021","699","IND","India","X","Export","0","W00","World","0","W00","World","H5","HS","true","44","Wood and articles of wood; wood charcoal","2","false","C00","TOTAL CPC","0","0","TOTAL MOT","-1","N/A","0","false","-1","N/A","0","false","0","true","0","false","0","707241704.362","707241704.362","4","false","true",
"C","A","20210101","2021","52","2021","699","IND","India","X","Export","0","W00","World","0","W00","World","H5","HS","true","45","Cork and articles of cork","2","false","C00","TOTAL CPC","0","0","TOTAL MOT","-1","N/A","0","false","-1","N/A","0","false","0","true","0","false","0","4497884.07","4497884.07","4","false","true",
"C","A","20210101","2021","52","2021","699","IND","India","X","Export","0","W00","World","0","W00","World","H5","HS","true","46","Manufactures of straw, esparto or other plaiting materials; basketware and wickerwork","2","false","C00","TOTAL CPC","0","0","TOTAL MOT","-1","N/A","0","false","-1","N/A","0","false","0","true","0","false","0","66397230.106","66397230.106","4","false","true",
"C","A","20210101","2021","52","2021","699","IND","India","X","Export","0","W00","World","0","W00","World","H5","HS","true","47","Pulp of wood or other fibrous cellulosic material; recovered (waste and scrap) paper or paperboard","2","false","C00","TOTAL CPC","0","0","TOTAL MOT","-1","N/A","0","false","-1","N/A","0","false","0","true","0","false","0","4147764.949","4147764.949","4","false","true",
"C","A","20210101","2021","52","2021","699","IND","India","X","Export","0","W00","World","0","W00","World","H5","HS","true","48","Paper and paperboard; articles of paper pulp, of paper or paperboard","2","false","C00","TOTAL CPC","0","0","TOTAL MOT","-1","N/A","0","false","-1","N/A","0","false","0","true","0","false","0","2954692595.238","2954692595.238","4","false","true",
"C","A","20210101","2021","52","2021","699","IND","India","X","Export","0","W00","World","0","W00","World","H5","HS","true","49","Printed books, newspapers, pictures and other products of the printing industry; manuscripts, typescripts and plans","2","false","C00","TOTAL CPC","0","0","TOTAL MOT","-1","N/A","0","false","-1","N/A","0","false","0","true","0","false","0","330240889.804","330240889.804","4","false","true",
"C","A","20210101","2021","52","2021","699","IND","India","X","Export","0","W00","World","0","W00","World","H5","HS","true","52","Cotton","2","false","C00","TOTAL CPC","0","0","TOTAL MOT","-1","N/A","0","false","-1","N/A","0","false","0","true","0","false","0","10028336566.106","10028336566.106","4","false","true",
"C","A","20210101","2021","52","2021","699","IND","India","X","Export","0","W00","World","0","W00","World","H5","HS","true","55","Man-made staple fibres","2","false","C00","TOTAL CPC","0","0","TOTAL MOT","-1","N/A","0","false","-1","N/A","0","false","0","true","0","false","0","1904618318.791","1904618318.791","4","false","true",
"C","A","20210101","2021","52","2021","699","IND","India","X","Export","0","W00","World","0","W00","World","H5","HS","true","56","Wadding, felt and nonwovens, special yarns; twine, cordage, ropes and cables and articles thereof","2","false","C00","TOTAL CPC","0","0","TOTAL MOT","-1","N/A","0","false","-1","N/A","0","false","0","true","0","false","0","559758247.349","559758247.349","4","false","true",
"C","A","20210101","2021","52","2021","699","IND","India","X","Export","0","W00","World","0","W00","World","H5","HS","true","58","Fabrics; special woven fabrics, tufted textile fabrics, lace, tapestries, trimmings, embroidery","2","false","C00","TOTAL CPC","0","0","TOTAL MOT","-1","N/A","0","false","-1","N/A","0","false","0","true","0","false","0","373651770.875","373651770.875","4","false","true",
"C","A","20210101","2021","52","2021","699","IND","India","X","Export","0","W00","World","0","W00","World","H5","HS","true","59","Textile fabrics; impregnated, coated, covered or laminated; textile articles of a kind suitable for industrial use","2","false","C00","TOTAL CPC","0","0","TOTAL MOT","-1","N/A","0","false","-1","N/A","0","false","0","true","0","false","0","440795707.692","440795707.692","4","false","true",
"C","A","20210101","2021","52","2021","699","IND","India","X","Export","0","W00","World","0","W00","World","H5","HS","true","60","Fabrics; knitted or crocheted","2","false","C00","TOTAL CPC","0","0","TOTAL MOT","-1","N/A","0","false","-1","N/A","0","false","0","true","0","false","0","764111456.649","764111456.649","4","false","true",
"C","A","20210101","2021","52","2021","699","IND","India","X","Export","0","W00","World","0","W00","World","H5","HS","true","63","Textiles, made up articles; sets; worn clothing and worn textile articles; rags","2","false","C00","TOTAL CPC","0","0","TOTAL MOT","-1","N/A","0","false","-1","N/A","0","false","0","true","0","false","0","6677317604.967","6677317604.967","4","false","true",
"C","A","20210101","2021","52","2021","699","IND","India","X","Export","0","W00","World","0","W00","World","H5","HS","true","65","Headgear and parts thereof","2","false","C00","TOTAL CPC","0","0","TOTAL MOT","-1","N/A","0","false","-1","N/A","0","false","0","true","0","false","0","92138426.042","92138426.042","4","false","true",
"C","A","20210101","2021","52","2021","699","IND","India","X","Export","0","W00","World","0","W00","World","H5","HS","true","66","Umbrellas, sun umbrellas, walking-sticks, seat sticks, whips, riding crops; and parts thereof","2","false","C00","TOTAL CPC","0","0","TOTAL MOT","-1","N/A","0","false","-1","N/A","0","false","0","true","0","false","0","3794901.034","3794901.034","4","false","true",
"C","A","20210101","2021","52","2021","699","IND","India","X","Export","0","W00","World","0","W00","World","H5","HS","true","67","Feathers and down, prepared; and articles made of feather or of down; artificial flowers; articles of human hair","2","false","C00","TOTAL CPC","0","0","TOTAL MOT","-1","N/A","0","false","-1","N/A","0","false","0","true","0","false","0","610142477.701","610142477.701","4","false","true",
"C","A","20210101","2021","52","2021","699","IND","India","X","Export","0","W00","World","0","W00","World","H5","HS","true","68","Stone, plaster, cement, asbestos, mica or similar materials; articles thereof","2","false","C00","TOTAL CPC","0","0","TOTAL MOT","-1","N/A","0","false","-1","N/A","0","false","0","true","0","false","0","2260391857.741","2260391857.741","4","false","true",
"C","A","20210101","2021","52","2021","699","IND","India","X","Export","0","W00","World","0","W00","World","H5","HS","true","69","Ceramic products","2","false","C00","TOTAL CPC","0","0","TOTAL MOT","-1","N/A","0","false","-1","N/A","0","false","0","true","0","false","0","2314625213.902","2314625213.902","4","false","true",
"C","A","20210101","2021","52","2021","699","IND","India","X","Export","0","W00","World","0","W00","World","H5","HS","true","70","Glass and glassware","2","false","C00","TOTAL CPC","0","0","TOTAL MOT","-1","N/A","0","false","-1","N/A","0","false","0","true","0","false","0","1039175641.953","1039175641.953","4","false","true",
"C","A","20210101","2021","52","2021","699","IND","India","X","Export","0","W00","World","0","W00","World","H5","HS","true","71","Natural, cultured pearls; precious, semi-precious stones; precious metals, metals clad with precious metal, and articles thereof; imitation jewellery; coin","2","false","C00","TOTAL CPC","0","0","TOTAL MOT","-1","N/A","0","false","-1","N/A","0","false","0","true","0","false","0","38155137708.047","38155137708.047","4","false","true",
"C","A","20210101","2021","52","2021","699","IND","India","X","Export","0","W00","World","0","W00","World","H5","HS","true","72","Iron and steel","2","false","C00","TOTAL CPC","0","0","TOTAL MOT","-1","N/A","0","false","-1","N/A","0","false","0","true","0","false","0","21199484527.253","21199484527.253","4","false","true",
"C","A","20210101","2021","52","2021","699","IND","India","X","Export","0","W00","World","0","W00","World","H5","HS","true","73","Iron or steel articles","2","false","C00","TOTAL CPC","0","0","TOTAL MOT","-1","N/A","0","false","-1","N/A","0","false","0","true","0","false","0","8361219192.441","8361219192.441","4","false","true",
"C","A","20210101","2021","52","2021","699","IND","India","X","Export","0","W00","World","0","W00","World","H5","HS","true","74","Copper and articles thereof","2","false","C00","TOTAL CPC","0","0","TOTAL MOT","-1","N/A","0","false","-1","N/A","0","false","0","true","0","false","0","2336997456.186","2336997456.186","4","false","true",
"C","A","20210101","2021","52","2021","699","IND","India","X","Export","0","W00","World","0","W00","World","H5","HS","true","75","Nickel and articles thereof","2","false","C00","TOTAL CPC","0","0","TOTAL MOT","-1","N/A","0","false","-1","N/A","0","false","0","true","0","false","0","86458771.064","86458771.064","4","false","true",
"C","A","20210101","2021","52","2021","699","IND","India","X","Export","0","W00","World","0","W00","World","H5","HS","true","76","Aluminium and articles thereof","2","false","C00","TOTAL CPC","0","0","TOTAL MOT","-1","N/A","0","false","-1","N/A","0","false","0","true","0","false","0","9063865904.947","9063865904.947","4","false","true",
"C","A","20210101","2021","52","2021","699","IND","India","X","Export","0","W00","World","0","W00","World","H5","HS","true","78","Lead and articles thereof","2","false","C00","TOTAL CPC","0","0","TOTAL MOT","-1","N/A","0","false","-1","N/A","0","false","0","true","0","false","0","460560381.749","460560381.749","4","false","true",
"C","A","20210101","2021","52","2021","699","IND","India","X","Export","0","W00","World","0","W00","World","H5","HS","true","79","Zinc and articles thereof","2","false","C00","TOTAL CPC","0","0","TOTAL MOT","-1","N/A","0","false","-1","N/A","0","false","0","true","0","false","0","860175432.16","860175432.16","4","false","true",
"C","A","20210101","2021","52","2021","699","IND","India","X","Export","0","W00","World","0","W00","World","H5","HS","true","80","Tin; articles thereof","2","false","C00","TOTAL CPC","0","0","TOTAL MOT","-1","N/A","0","false","-1","N/A","0","false","0","true","0","false","0","17983265.228","17983265.228","4","false","true",
"C","A","20210101","2021","52","2021","699","IND","India","X","Export","0","W00","World","0","W00","World","H5","HS","true","81","Metals; n.e.c., cermets and articles thereof","2","false","C00","TOTAL CPC","0","0","TOTAL MOT","-1","N/A","0","false","-1","N/A","0","false","0","true","0","false","0","91299093.477","91299093.477","4","false","true",
"C","A","20210101","2021","52","2021","699","IND","India","X","Export","0","W00","World","0","W00","World","H5","HS","true","83","Metal; miscellaneous products of base metal","2","false","C00","TOTAL CPC","0","0","TOTAL MOT","-1","N/A","0","false","-1","N/A","0","false","0","true","0","false","0","915651693.71","915651693.71","4","false","true",
"C","A","20210101","2021","52","2021","699","IND","India","X","Export","0","W00","World","0","W00","World","H5","HS","true","85","Electrical machinery and equipment and parts thereof; sound recorders and reproducers; television image and sound recorders and reproducers, parts and accessories of such articles","2","false","C00","TOTAL CPC","0","0","TOTAL MOT","-1","N/A","0","false","-1","N/A","0","false","0","true","0","false","0","18836214300.156","18836214300.156","4","false","true",
"C","A","20210101","2021","52","2021","699","IND","India","X","Export","0","W00","World","0","W00","World","H5","HS","true","86","Railway, tramway locomotives, rolling-stock and parts thereof; railway or tramway track fixtures and fittings and parts thereof; mechanical (including electro-mechanical) traffic signalling equipment of all kinds","2","false","C00","TOTAL CPC","0","0","TOTAL MOT","-1","N/A","0","false","-1","N/A","0","false","0","true","0","false","0","393211717.87","393211717.87","4","false","true",
"C","A","20210101","2021","52","2021","699","IND","India","X","Export","0","W00","World","0","W00","World","H5","HS","true","90","Optical, photographic, cinematographic, measuring, checking, medical or surgical instruments and apparatus; parts and accessories","2","false","C00","TOTAL CPC","0","0","TOTAL MOT","-1","N/A","0","false","-1","N/A","0","false","0","true","0","false","0","3912878037.658","3912878037.658","4","false","true",
"C","A","20210101","2021","52","2021","699","IND","India","X","Export","0","W00","World","0","W00","World","H5","HS","true","94","Furniture; bedding, mattresses, mattress supports, cushions and similar stuffed furnishings; lamps and lighting fittings, n.e.c.; illuminated signs, illuminated name-plates and the like; prefabricated buildings","2","false","C00","TOTAL CPC","0","0","TOTAL MOT","-1","N/A","0","false","-1","N/A","0","false","0","true","0","false","0","2785512427.764","2785512427.764","4","false","true",
"C","A","20210101","2021","52","2021","699","IND","India","X","Export","0","W00","World","0","W00","World","H5","HS","true","95","Toys, games and sports requisites; parts and accessories thereof","2","false","C00","TOTAL CPC","0","0","TOTAL MOT","-1","N/A","0","false","-1","N/A","0","false","0","true","0","false","0","521460653.886","521460653.886","4","false","true",
"C","A","20210101","2021","52","2021","699","IND","India","X","Export","0","W00","World","0","W00","World","H5","HS","true","96","Miscellaneous manufactured articles","2","false","C00","TOTAL CPC","0","0","TOTAL MOT","-1","N/A","0","false","-1","N/A","0","false","0","true","0","false","0","645245497.144","645245497.144","4","false","true",
"C","A","20220101","2022","52","2022","699","IND","India","M","Import","0","W00","World","0","W00","World","H6","HS","true","02","Meat and edible meat offal","2","false","C00","TOTAL CPC","0","0","TOTAL MOT","-1","N/A","0","false","-1","N/A","0","false","0","false","0","false","5339191.069",,"5339191.069","0","false","true",
"C","A","20220101","2022","52","2022","699","IND","India","M","Import","0","W00","World","0","W00","World","H6","HS","true","42","Articles of leather; saddlery and harness; travel goods, handbags and similar containers; articles of animal gut (other than silk-worm gut)","2","false","C00","TOTAL CPC","0","0","TOTAL MOT","-1","N/A","0","false","-1","N/A","0","false",,"false","0","false","470238243.137",,"470238243.137","0","false","true",
"C","A","20220101","2022","52","2022","699","IND","India","X","Export","0","W00","World","0","W00","World","H6","HS","true","59","Textile fabrics; impregnated, coated, covered or laminated; textile articles of a kind suitable for industrial use","2","false","C00","TOTAL CPC","0","0","TOTAL MOT","-1","N/A","0","false","-1","N/A","0","false","0","true","0","false",,"394352143.444","394352143.444","4","false","true",
"C","A","20220101","2022","52","2022","699","IND","India","X","Export","0","W00","World","0","W00","World","H6","HS","true","86","Railway, tramway locomotives, rolling-stock and parts thereof; railway or tramway track fixtures and fittings and parts thereof; mechanical (including electro-mechanical) traffic signalling equipment of all kinds","2","false","C00","TOTAL CPC","0","0","TOTAL MOT","-1","N/A","0","false","-1","N/A","0","false",,"false","0","false",,"398514108.814","398514108.814","0","false","true",
"C","A","20220101","2022","52","2022","699","IND","India","X","Export","0","W00","World","0","W00","World","H6","HS","true","74","Copper and articles thereof","2","false","C00","TOTAL CPC","0","0","TOTAL MOT","-1","N/A","0","false","-1","N/A","0","false","0","true","0","false",,"1622323425.453","1622323425.453","4","false","true",
"C","A","20220101","2022","52","2022","699","IND","India","M","Import","0","W00","World","0","W00","World","H6","HS","true","74","Copper and articles thereof","2","false","C00","TOTAL CPC","0","0","TOTAL MOT","-1","N/A","0","false","-1","N/A","0","false","0","true","0","false","7541656753.393",,"7541656753.393","4","false","true",
"C","A","20220101","2022","52","2022","699","IND","India","X","Export","0","W00","World","0","W00","World","H6","HS","true","57","Carpets and other textile floor coverings","2","false","C00","TOTAL CPC","0","0","TOTAL MOT","-1","N/A","0","false","-1","N/A","0","false",,"false","0","false",,"1945728385.421","1945728385.421","0","false","true",
"C","A","20220101","2022","52","2022","699","IND","India","M","Import","0","W00","World","0","W00","World","H6","HS","true","59","Textile fabrics; impregnated, coated, covered or laminated; textile articles of a kind suitable for industrial use","2","false","C00","TOTAL CPC","0","0","TOTAL MOT","-1","N/A","0","false","-1","N/A","0","false","0","true","0","false","887183186.296",,"887183186.296","4","false","true",
"C","A","20220101","2022","52","2022","699","IND","India","M","Import","0","W00","World","0","W00","World","H6","HS","true","80","Tin; articles thereof","2","false","C00","TOTAL CPC","0","0","TOTAL MOT","-1","N/A","0","false","-1","N/A","0","false","0","true","0","false","429244671.168",,"429244671.168","4","false","true",
"C","A","20220101","2022","52","2022","699","IND","India","X","Export","0","W00","World","0","W00","World","H6","HS","true","16","Meat, fish, crustaceans, molluscs or other aquatic invertebrates, or insects; preparations thereof","2","false","C00","TOTAL CPC","0","0","TOTAL MOT","-1","N/A","0","false","-1","N/A","0","false","0","true","0","false",,"860448091.661","860448091.661","4","false","true",
"C","A","20220101","2022","52","2022","699","IND","India","X","Export","0","W00","World","0","W00","World","H6","HS","true","02","Meat and edible meat offal","2","false","C00","TOTAL CPC","0","0","TOTAL MOT","-1","N/A","0","false","-1","N/A","0","false","0","true","0","false",,"3251884746.486","3251884746.486","4","false","true",
"C","A","20220101","2022","52","2022","699","IND","India","X","Export","0","W00","World","0","W00","World","H6","HS","true","42","Articles of leather; saddlery and harness; travel goods, handbags and similar containers; articles of animal gut (other than silk-worm gut)","2","false","C00","TOTAL CPC","0","0","TOTAL MOT","-1","N/A","0","false","-1","N/A","0","false",,"false","0","false",,"2735834157.774","2735834157.774","0","false","true",
"C","A","20220101","2022","52","2022","699","IND","India","X","Export","0","W00","World","0","W00","World","H6","HS","true","22","Beverages, spirits and vinegar","2","false","C00","TOTAL CPC","0","0","TOTAL MOT","-1","N/A","0","false","-1","N/A","0","false","0","true","0","false",,"374350534.453","374350534.453","4","false","true",
"C","A","20220101","2022","52","2022","699","IND","India","M","Import","0","W00","World","0","W00","World","H6","HS","true","16","Meat, fish, crustaceans, molluscs or other aquatic invertebrates, or insects; preparations thereof","2","false","C00","TOTAL CPC","0","0","TOTAL MOT","-1","N/A","0","false","-1","N/A","0","false","0","true","0","false","8351365.076",,"8351365.076","4","false","true",
"C","A","20220101","2022","52","2022","699","IND","India","X","Export","0","W00","World","0","W00","World","H6","HS","true","39","Plastics and articles thereof","2","false","C00","TOTAL CPC","0","0","TOTAL MOT","-1","N/A","0","false","-1","N/A","0","false","0","true","0","false",,"8235825280.102","8235825280.102","4","false","true",
"C","A","20220101","2022","52","2022","699","IND","India","X","Export","0","W00","World","0","W00","World","H6","HS","true","80","Tin; articles thereof","2","false","C00","TOTAL CPC","0","0","TOTAL MOT","-1","N/A","0","false","-1","N/A","0","false","0","true","0","false",,"14332579.487","14332579.487","4","false","true",
"C","A","20220101","2022","52","2022","699","IND","India","M","Import","0","W00","World","0","W00","World","H6","HS","true","39","Plastics and articles thereof","2","false","C00","TOTAL CPC","0","0","TOTAL MOT","-1","N/A","0","false","-1","N/A","0","false","0","true","0","false","22716066286.343",,"22716066286.343","4","false","true",
"C","A","20220101","2022","52","2022","699","IND","India","X","Export","0","W00","World","0","W00","World","H6","HS","true","54","Man-made filaments; strip and the like of man-made textile materials","2","false","C00","TOTAL CPC","0","0","TOTAL MOT","-1","N/A","0","false","-1","N/A","0","false","0","true","0","false",,"2060833170.054","2060833170.054","4","false","true",
"C","A","20220101","2022","52","2022","699","IND","India","M","Import","0","W00","World","0","W00","World","H6","HS","true","34","Soap, organic surface-active agents; washing, lubricating, polishing or scouring preparations; artificial or prepared waxes, candles and similar articles, modelling pastes, dental waxes and dental preparations with a basis of plaster","2","false","C00","TOTAL CPC","0","0","TOTAL MOT","-1","N/A","0","false","-1","N/A","0","false","0","true","0","false","1371352886.682",,"1371352886.682","4","false","true",
"C","A","20220101","2022","52","2022","699","IND","India","X","Export","0","W00","World","0","W00","World","H6","HS","true","17","Sugars and sugar confectionery","2","false","C00","TOTAL CPC","0","0","TOTAL MOT","-1","N/A","0","false","-1","N/A","0","false","0","true","0","false",,"6327112946.811","6327112946.811","4","false","true",
"C","A","20220101","2022","52","2022","699","IND","India","M","Import","0","W00","World","0","W00","World","H6","HS","true","92","Musical instruments; parts and accessories of such articles","2","false","C00","TOTAL CPC","0","0","TOTAL MOT","-1","N/A","0","false","-1","N/A","0","false",,"false","0","false","68354402.594",,"68354402.594","0","false","true",
"C","A","20220101","2022","52","2022","699","IND","India","M","Import","0","W00","World","0","W00","World","H6","HS","true","26","Ores, slag and ash","2","false","C00","TOTAL CPC","0","0","TOTAL MOT","-1","N/A","0","false","-1","N/A","0","false","0","true","0","false","5729977372.206",,"5729977372.206","4","false","true",
"C","A","20220101","2022","52","2022","699","IND","India","M","Import","0","W00","World","0","W00","World","H6","HS","true","75","Nickel and articles thereof","2","false","C00","TOTAL CPC","0","0","TOTAL MOT","-1","N/A","0","false","-1","N/A","0","false","0","true","0","false","1229135148.053",,"1229135148.053","4","false","true",
"C","A","20220101","2022","52","2022","699","IND","India","X","Export","0","W00","World","0","W00","World","H6","HS","true","08","Fruit and nuts, edible; peel of citrus fruit or melons","2","false","C00","TOTAL CPC","0","0","TOTAL MOT","-1","N/A","0","false","-1","N/A","0","false","0","true","0","false",,"1448372499.319","1448372499.319","4","false","true",
"C","A","20220101","2022","52","2022","699","IND","India","X","Export","0","W00","World","0","W00","World","H6","HS","true","26","Ores, slag and ash","2","false","C00","TOTAL CPC","0","0","TOTAL MOT","-1","N/A","0","false","-1","N/A","0","false","0","true","0","false",,"1944597526.456","1944597526.456","4","false","true",
"C","A","20220101","2022","52","2022","699","IND","India","M","Import","0","W00","World","0","W00","World","H6","HS","true","90","Optical, photographic, cinematographic, measuring, checking, medical or surgical instruments and apparatus; parts and accessories","2","false","C00","TOTAL CPC","0","0","TOTAL MOT","-1","N/A","0","false","-1","N/A","0","false",,"false","0","false","11340606018.098",,"11340606018.098","0","false","true",
"C","A","20220101","2022","52","2022","699","IND","India","M","Import","0","W00","World","0","W00","World","H6","HS","true","89","Ships, boats and floating structures","2","false","C00","TOTAL CPC","0","0","TOTAL MOT","-1","N/A","0","false","-1","N/A","0","false",,"false","0","false","7121474906.348",,"7121474906.348","0","false","true",
"C","A","20220101","2022","52","2022","699","IND","India","M","Import","0","W00","World","0","W00","World","H6","HS","true","48","Paper and paperboard; articles of paper pulp, of paper or paperboard","2","false","C00","TOTAL CPC","0","0","TOTAL MOT","-1","N/A","0","false","-1","N/A","0","false","0","true","0","false","3096020140.215",,"3096020140.215","4","false","true",
"C","A","20220101","2022","52","2022","699","IND","India","X","Export","0","W00","World","0","W00","World","H6","HS","true","65","Headgear and parts thereof","2","false","C00","TOTAL CPC","0","0","TOTAL MOT","-1","N/A","0","false","-1","N/A","0","false","0","true","0","false",,"97097760.739","97097760.739","4","false","true",
"C","A","20220101","2022","52","2022","699","IND","India","X","Export","0","W00","World","0","W00","World","H6","HS","true","52","Cotton","2","false","C00","TOTAL CPC","0","0","TOTAL MOT","-1","N/A","0","false","-1","N/A","0","false","0","true","0","false",,"6942547287.323","6942547287.323","4","false","true",
"C","A","20220101","2022","52","2022","699","IND","India","X","Export","0","W00","World","0","W00","World","H6","HS","true","87","Vehicles; other than railway or tramway rolling stock, and parts and accessories thereof","2","false","C00","TOTAL CPC","0","0","TOTAL MOT","-1","N/A","0","false","-1","N/A","0","false","0","true","0","false",,"21256873198.915","21256873198.915","4","false","true",
"C","A","20220101","2022","52","2022","699","IND","India","M","Import","0","W00","World","0","W00","World","H6","HS","true","12","Oil seeds and oleaginous fruits; miscellaneous grains, seeds and fruit, industrial or medicinal plants; straw and fodder","2","false","C00","TOTAL CPC","0","0","TOTAL MOT","-1","N/A","0","false","-1","N/A","0","false","0","true","0","false","934638241.065",,"934638241.065","4","false","true",
"C","A","20220101","2022","52","2022","699","IND","India","X","Export","0","W00","World","0","W00","World","H6","HS","true","03","Fish and crustaceans, molluscs and other aquatic invertebrates","2","false","C00","TOTAL CPC","0","0","TOTAL MOT","-1","N/A","0","false","-1","N/A","0","false","0","true","0","false",,"6771667016.762","6771667016.762","4","false","true",
"C","A","20220101","2022","52","2022","699","IND","India","X","Export","0","W00","World","0","W00","World","H6","HS","true","28","Inorganic chemicals; organic and inorganic compounds of precious metals; of rare earth metals, of radio-active elements and of isotopes","2","false","C00","TOTAL CPC","0","0","TOTAL MOT","-1","N/A","0","false","-1","N/A","0","false","0","true","0","false",,"3179967296.964","3179967296.964","4","false","true",
"C","A","20220101","2022","52","2022","699","IND","India","X","Export","0","W00","World","0","W00","World","H6","HS","true","25","Salt; sulphur; earths, stone; plastering materials, lime and cement","2","false","C00","TOTAL CPC","0","0","TOTAL MOT","-1","N/A","0","false","-1","N/A","0","false","0","true","0","false",,"2413260338.562","2413260338.562","4","false","true",
"C","A","20220101","2022","52","2022","699","IND","India","X","Export","0","W00","World","0","W00","World","H6","HS","true","63","Textiles, made up articles; sets; worn clothing and worn textile articles; rags","2","false","C00","TOTAL CPC","0","0","TOTAL MOT","-1","N/A","0","false","-1","N/A","0","false","0","true","0","false",,"6020982045.802","6020982045.802","4","false","true",
"C","A","20220101","2022","52","2022","699","IND","India","X","Export","0","W00","World","0","W00","World","H6","HS","true","32","Tanning or dyeing extracts; tannins and their derivatives; dyes, pigments and other colouring matter; paints, varnishes; putty, other mastics; inks","2","false","C00","TOTAL CPC","0","0","TOTAL MOT","-1","N/A","0","false","-1","N/A","0","false","0","true","0","false",,"3607863333.614","3607863333.614","4","false","true",
"C","A","20220101","2022","52","2022","699","IND","India","M","Import","0","W00","World","0","W00","World","H6","HS","true","17","Sugars and sugar confectionery","2","false","C00","TOTAL CPC","0","0","TOTAL MOT","-1","N/A","0","false","-1","N/A","0","false","0","true","0","false","381221502.579",,"381221502.579","4","false","true",
"C","A","20220101","2022","52","2022","699","IND","India","M","Import","0","W00","World","0","W00","World","H6","HS","true","44","Wood and articles of wood; wood charcoal","2","false","C00","TOTAL CPC","0","0","TOTAL MOT","-1","N/A","0","false","-1","N/A","0","false","0","true","0","false","2260194747.522",,"2260194747.522","4","false","true",
"C","A","20220101","2022","52","2022","699","IND","India","M","Import","0","W00","World","0","W00","World","H6","HS","true","85","Electrical machinery and equipment and parts thereof; sound recorders and reproducers; television image and sound recorders and reproducers, parts and accessories of such articles","2","false","C00","TOTAL CPC","0","0","TOTAL MOT","-1","N/A","0","false","-1","N/A","0","false",,"false","0","false","69680021840.888",,"69680021840.888","0","false","true",
"C","A","20220101","2022","52","2022","699","IND","India","X","Export","0","W00","World","0","W00","World","H6","HS","true","67","Feathers and down, prepared; and articles made of feather or of down; artificial flowers; articles of human hair","2","false","C00","TOTAL CPC","0","0","TOTAL MOT","-1","N/A","0","false","-1","N/A","0","false","0","true","0","false",,"487747174.29","487747174.29","4","false","true",
"C","A","20220101","2022","52","2022","699","IND","India","X","Export","0","W00","World","0","W00","World","H6","HS","true","85","Electrical machinery and equipment and parts thereof; sound recorders and reproducers; television image and sound recorders and reproducers, parts and accessories of such articles","2","false","C00","TOTAL CPC","0","0","TOTAL MOT","-1","N/A","0","false","-1","N/A","0","false",,"false","0","false",,"26573154178.006","26573154178.006","0","false","true",
"C","A","20220101","2022","52","2022","699","IND","India","M","Import","0","W00","World","0","W00","World","H6","HS","true","67","Feathers and down, prepared; and articles made of feather or of down; artificial flowers; articles of human hair","2","false","C00","TOTAL CPC","0","0","TOTAL MOT","-1","N/A","0","false","-1","N/A","0","false","0","true","0","false","36306312.574",,"36306312.574","4","false","true",
"C","A","20220101","2022","52","2022","699","IND","India","X","Export","0","W00","World","0","W00","World","H6","HS","true","27","Mineral fuels, mineral oils and products of their distillation; bituminous substances; mineral waxes","2","false","C00","TOTAL CPC","0","0","TOTAL MOT","-1","N/A","0","false","-1","N/A","0","false","0","true","0","false",,"98472280095.222","98472280095.222","4","false","true",
"C","A","20220101","2022","52","2022","699","IND","India","X","Export","0","W00","World","0","W00","World","H6","HS","true","47","Pulp of wood or other fibrous cellulosic material; recovered (waste and scrap) paper or paperboard","2","false","C00","TOTAL CPC","0","0","TOTAL MOT","-1","N/A","0","false","-1","N/A","0","false","0","true","0","false",,"2045484.277","2045484.277","4","false","true",
"C","A","20220101","2022","52","2022","699","IND","India","M","Import","0","W00","World","0","W00","World","H6","HS","true","51","Wool, fine or coarse animal hair; horsehair yarn and woven fabric","2","false","C00","TOTAL CPC","0","0","TOTAL MOT","-1","N/A","0","false","-1","N/A","0","false","0","true","0","false","328858543.416",,"328858543.416","4","false","true",
"C","A","20220101","2022","52","2022","699","IND","India","M","Import","0","W00","World","0","W00","World","H6","HS","true","68","Stone, plaster, cement, asbestos, mica or similar materials; articles thereof","2","false","C00","TOTAL CPC","0","0","TOTAL MOT","-1","N/A","0","false","-1","N/A","0","false","0","true","0","false","1043633574.189",,"1043633574.189","4","false","true",
"C","A","20220101","2022","52","2022","699","IND","India","M","Import","0","W00","World","0","W00","World","H6","HS","true","40","Rubber and articles thereof","2","false","C00","TOTAL CPC","0","0","TOTAL MOT","-1","N/A","0","false","-1","N/A","0","false","0","true","0","false","4331810119.195",,"4331810119.195","4","false","true",
"C","A","20220101","2022","52","2022","699","IND","India","X","Export","0","W00","World","0","W00","World","H6","HS","true","07","Vegetables and certain roots and tubers; edible","2","false","C00","TOTAL CPC","0","0","TOTAL MOT","-1","N/A","0","false","-1","N/A","0","false","0","true","0","false",,"1726217994.096","1726217994.096","4","false","true",
"C","A","20220101","2022","52","2022","699","IND","India","M","Import","0","W00","World","0","W00","World","H6","HS","true","88","Aircraft, spacecraft, and parts thereof","2","false","C00","TOTAL CPC","0","0","TOTAL MOT","-1","N/A","0","false","-1","N/A","0","false",,"false","0","false","3581025202.07",,"3581025202.07","0","false","true",
"C","A","20220101","2022","52","2022","699","IND","India","X","Export","0","W00","World","0","W00","World","H6","HS","true","81","Metals; n.e.c., cermets and articles thereof","2","false","C00","TOTAL CPC","0","0","TOTAL MOT","-1","N/A","0","false","-1","N/A","0","false",,"false","0","false",,"131412915.326","131412915.326","0","false","true",
"C","A","20220101","2022","52","2022","699","IND","India","X","Export","0","W00","World","0","W00","World","H6","HS","true","11","Products of the milling industry; malt, starches, inulin, wheat gluten","2","false","C00","TOTAL CPC","0","0","TOTAL MOT","-1","N/A","0","false","-1","N/A","0","false","0","true","0","false",,"826440416.739","826440416.739","4","false","true",
"C","A","20220101","2022","52","2022","699","IND","India","M","Import","0","W00","World","0","W00","World","H6","HS","true","78","Lead and articles thereof","2","false","C00","TOTAL CPC","0","0","TOTAL MOT","-1","N/A","0","false","-1","N/A","0","false","0","true","0","false","763280740.057",,"763280740.057","4","false","true",
"C","A","20220101","2022","52","2022","699","IND","India","X","Export","0","W00","World","0","W00","World","H6","HS","true","64","Footwear; gaiters and the like; parts of such articles","2","false","C00","TOTAL CPC","0","0","TOTAL MOT","-1","N/A","0","false","-1","N/A","0","false","0","true","0","false",,"3021671811.933","3021671811.933","4","false","true",
"C","A","20220101","2022","52","2022","699","IND","India","X","Export","0","W00","World","0","W00","World","H6","HS","true","44","Wood and articles of wood; wood charcoal","2","false","C00","TOTAL CPC","0","0","TOTAL MOT","-1","N/A","0","false","-1","N/A","0","false","0","true","0","false",,"679265819.699","679265819.699","4","false","true",
"C","A","20220101","2022","52","2022","699","IND","India","M","Import","0","W00","World","0","W00","World","H6","HS","true","11","Products of the milling industry; malt, starches, inulin, wheat gluten","2","false","C00","TOTAL CPC","0","0","TOTAL MOT","-1","N/A","0","false","-1","N/A","0","false","0","true","0","false","84229791.906",,"84229791.906","4","false","true",
"C","A","20220101","2022","52","2022","699","IND","India","M","Import","0","W00","World","0","W00","World","H6","HS","true","14","Vegetable plaiting materials; vegetable products not elsewhere specified or included","2","false","C00","TOTAL CPC","0","0","TOTAL MOT","-1","N/A","0","false","-1","N/A","0","false","0","true","0","false","102647990.309",,"102647990.309","4","false","true",
"C","A","20220101","2022","52","2022","699","IND","India","X","Export","0","W00","World","0","W00","World","H6","HS","true","31","Fertilizers","2","false","C00","TOTAL CPC","0","0","TOTAL MOT","-1","N/A","0","false","-1","N/A","0","false","0","true","0","false",,"117346549.897","117346549.897","4","false","true",
"C","A","20220101","2022","52","2022","699","IND","India","X","Export","0","W00","World","0","W00","World","H6","HS","true","34","Soap, organic surface-active agents; washing, lubricating, polishing or scouring preparations; artificial or prepared waxes, candles and similar articles, modelling pastes, dental waxes and dental preparations with a basis of plaster","2","false","C00","TOTAL CPC","0","0","TOTAL MOT","-1","N/A","0","false","-1","N/A","0","false","0","true","0","false",,"924833203.275","924833203.275","4","false","true",
"C","A","20220101","2022","52","2022","699","IND","India","M","Import","0","W00","World","0","W00","World","H6","HS","true","54","Man-made filaments; strip and the like of man-made textile materials","2","false","C00","TOTAL CPC","0","0","TOTAL MOT","-1","N/A","0","false","-1","N/A","0","false",,"false","0","false","1683545659.898",,"1683545659.898","0","false","true",
"C","A","20220101","2022","52","2022","699","IND","India","M","Import","0","W00","World","0","W00","World","H6","HS","true","81","Metals; n.e.c., cermets and articles thereof","2","false","C00","TOTAL CPC","0","0","TOTAL MOT","-1","N/A","0","false","-1","N/A","0","false","0","true","0","false","743984233.208",,"743984233.208","4","false","true",
"C","A","20220101","2022","52","2022","699","IND","India","M","Import","0","W00","World","0","W00","World","H6","HS","true","95","Toys, games and sports requisites; parts and accessories thereof","2","false","C00","TOTAL CPC","0","0","TOTAL MOT","-1","N/A","0","false","-1","N/A","0","false",,"false","0","false","406820037.879",,"406820037.879","0","false","true",
"C","A","20220101","2022","52","2022","699","IND","India","X","Export","0","W00","World","0","W00","World","H6","HS","true","37","Photographic or cinematographic goods","2","false","C00","TOTAL CPC","0","0","TOTAL MOT","-1","N/A","0","false","-1","N/A","0","false",,"false","0","false",,"11450926.703","11450926.703","0","false","true",
"C","A","20220101","2022","52","2022","699","IND","India","X","Export","0","W00","World","0","W00","World","H6","HS","true","78","Lead and articles thereof","2","false","C00","TOTAL CPC","0","0","TOTAL MOT","-1","N/A","0","false","-1","N/A","0","false","0","true","0","false",,"470844221.827","470844221.827","4","false","true",
"C","A","20220101","2022","52","2022","699","IND","India","M","Import","0","W00","World","0","W00","World","H6","HS","true","31","Fertilizers","2","false","C00","TOTAL CPC","0","0","TOTAL MOT","-1","N/A","0","false","-1","N/A","0","false","0","true","0","false","17259771908.504",,"17259771908.504","4","false","true",
"C","A","20220101","2022","52","2022","699","IND","India","M","Import","0","W00","World","0","W00","World","H6","HS","true","37","Photographic or cinematographic goods","2","false","C00","TOTAL CPC","0","0","TOTAL MOT","-1","N/A","0","false","-1","N/A","0","false","0","true","0","false","212584007.565",,"212584007.565","4","false","true",
"C","A","20220101","2022","52","2022","699","IND","India","X","Export","0","W00","World","0","W00","World","H6","HS","true","95","Toys, games and sports requisites; parts and accessories thereof","2","false","C00","TOTAL CPC","0","0","TOTAL MOT","-1","N/A","0","false","-1","N/A","0","false","0","true","0","false",,"553840927.671","553840927.671","4","false","true",
"C","A","20220101","2022","52","2022","699","IND","India","X","Export","0","W00","World","0","W00","World","H6","HS","true","14","Vegetable plaiting materials; vegetable products not elsewhere specified or included","2","false","C00","TOTAL CPC","0","0","TOTAL MOT","-1","N/A","0","false","-1","N/A","0","false","0","true","0","false",,"42054026.948","42054026.948","4","false","true",
"C","A","20220101","2022","52","2022","699","IND","India","X","Export","0","W00","World","0","W00","World","H6","HS","true","04","Dairy produce; birds' eggs; natural honey; edible products of animal origin, not elsewhere specified or included","2","false","C00","TOTAL CPC","0","0","TOTAL MOT","-1","N/A","0","false","-1","N/A","0","false","0","true","0","false",,"711494936.424","711494936.424","4","false","true",
"C","A","20220101","2022","52","2022","699","IND","India","M","Import","0","W00","World","0","W00","World","H6","HS","true","07","Vegetables and certain roots and tubers; edible","2","false","C00","TOTAL CPC","0","0","TOTAL MOT","-1","N/A","0","false","-1","N/A","0","false","0","true","0","false","1975291062.174",,"1975291062.174","4","false","true",
"C","A","20220101","2022","52","2022","699","IND","India","X","Export","0","W00","World","0","W00","World","H6","HS","true","21","Miscellaneous edible preparations","2","false","C00","TOTAL CPC","0","0","TOTAL MOT","-1","N/A","0","false","-1","N/A","0","false","0","true","0","false",,"1231887750.034","1231887750.034","4","false","true",
"C","A","20220101","2022","52","2022","699","IND","India","M","Import","0","W00","World","0","W00","World","H6","HS","true","27","Mineral fuels, mineral oils and products of their distillation; bituminous substances; mineral waxes","2","false","C00","TOTAL CPC","0","0","TOTAL MOT","-1","N/A","0","false","-1","N/A","0","false","0","true","0","false","277238257324.308",,"277238257324.308","4","false","true",
"C","A","20220101","2022","52","2022","699","IND","India","X","Export","0","W00","World","0","W00","World","H6","HS","true","01","Animals; live","2","false","C00","TOTAL CPC","0","0","TOTAL MOT","-1","N/A","0","false","-1","N/A","0","false",,"false","0","false",,"4404771.738","4404771.738","0","false","true",
"C","A","20220101","2022","52","2022","699","IND","India","X","Export","0","W00","World","0","W00","World","H6","HS","true","24","Tobacco and manufactured tobacco substitutes; products, whether or not containing nicotine, intended for inhalation without combustion; other nicotine containing products intended for the intake of nicotine into the human body","2","false","C00","TOTAL CPC","0","0","TOTAL MOT","-1","N/A","0","false","-1","N/A","0","false","0","true","0","false",,"1216262004.832","1216262004.832","4","false","true",
"C","A","20220101","2022","52","2022","699","IND","India","M","Import","0","W00","World","0","W00","World","H6","HS","true","57","Carpets and other textile floor coverings","2","false","C00","TOTAL CPC","0","0","TOTAL MOT","-1","N/A","0","false","-1","N/A","0","false",,"false","0","false","167487877.082",,"167487877.082","0","false","true",
"C","A","20220101","2022","52","2022","699","IND","India","X","Export","0","W00","World","0","W00","World","H6","HS","true","88","Aircraft, spacecraft, and parts thereof","2","false","C00","TOTAL CPC","0","0","TOTAL MOT","-1","N/A","0","false","-1","N/A","0","false",,"false","0","false",,"1376616994.237","1376616994.237","0","false","true",
"C","A","20220101","2022","52","2022","699","IND","India","M","Import","0","W00","World","0","W00","World","H6","HS","true","01","Animals; live","2","false","C00","TOTAL CPC","0","0","TOTAL MOT","-1","N/A","0","false","-1","N/A","0","false",,"false","0","false","10847907.757",,"10847907.757","0","false","true",
"C","A","20220101","2022","52","2022","699","IND","India","M","Import","0","W00","World","0","W00","World","H6","HS","true","91","Clocks and watches and parts thereof","2","false","C00","TOTAL CPC","0","0","TOTAL MOT","-1","N/A","0","false","-1","N/A","0","false",,"false","0","false","468334051.615",,"468334051.615","0","false","true",
"C","A","20220101","2022","52","2022","699","IND","India","M","Import","0","W00","World","0","W00","World","H6","HS","true","24","Tobacco and manufactured tobacco substitutes; products, whether or not containing nicotine, intended for inhalation without combustion; other nicotine containing products intended for the intake of nicotine into the human body","2","false","C00","TOTAL CPC","0","0","TOTAL MOT","-1","N/A","0","false","-1","N/A","0","false","0","true","0","false","89044931.471",,"89044931.471","4","false","true",
"C","A","20220101","2022","52","2022","699","IND","India","X","Export","0","W00","World","0","W00","World","H6","HS","true","46","Manufactures of straw, esparto or other plaiting materials; basketware and wickerwork","2","false","C00","TOTAL CPC","0","0","TOTAL MOT","-1","N/A","0","false","-1","N/A","0","false","0","true","0","false",,"72690304.216","72690304.216","4","false","true",
"C","A","20220101","2022","52","2022","699","IND","India","M","Import","0","W00","World","0","W00","World","H6","HS","true","43","Furskins and artificial fur; manufactures thereof","2","false","C00","TOTAL CPC","0","0","TOTAL MOT","-1","N/A","0","false","-1","N/A","0","false","0","true","0","false","5746873.86",,"5746873.86","4","false","true",
"C","A","20220101","2022","52","2022","699","IND","India","X","Export","0","W00","World","0","W00","World","H6","HS","true","60","Fabrics; knitted or crocheted","2","false","C00","TOTAL CPC","0","0","TOTAL MOT","-1","N/A","0","false","-1","N/A","0","false","0","true","0","false",,"697109808.359","697109808.359","4","false","true",
"C","A","20220101","2022","52","2022","699","IND","India","X","Export","0","W00","World","0","W00","World","H6","HS","true","71","Natural, cultured pearls; precious, semi-precious stones; precious metals, metals clad with precious metal, and articles thereof; imitation jewellery; coin","2","false","C00","TOTAL CPC","0","0","TOTAL MOT","-1","N/A","0","false","-1","N/A","0","false","0","true","0","false",,"39274606100","39274606100","4","false","true",
"C","A","20220101","2022","52","2022","699","IND","India","X","Export","0","W00","World","0","W00","World","H6","HS","true","93","Arms and ammunition; parts and accessories thereof","2","false","C00","TOTAL CPC","0","0","TOTAL MOT","-1","N/A","0","false","-1","N/A","0","false",,"false","0","false",,"252956102.273","252956102.273","0","false","true",
"C","A","20220101","2022","52","2022","699","IND","India","M","Import","0","W00","World","0","W00","World","H6","HS","true","08","Fruit and nuts, edible; peel of citrus fruit or melons","2","false","C00","TOTAL CPC","0","0","TOTAL MOT","-1","N/A","0","false","-1","N/A","0","false","0","false","0","false","4417579273.015",,"4417579273.015","0","false","true",
"C","A","20220101","2022","52","2022","699","IND","India","M","Import","0","W00","World","0","W00","World","H6","HS","true","09","Coffee, tea, mate and spices","2","false","C00","TOTAL CPC","0","0","TOTAL MOT","-1","N/A","0","false","-1","N/A","0","false","0","true","0","false","1000160502.438",,"1000160502.438","4","false","true",
"C","A","20220101","2022","52","2022","699","IND","India","M","Import","0","W00","World","0","W00","World","H6","HS","true","72","Iron and steel","2","false","C00","TOTAL CPC","0","0","TOTAL MOT","-1","N/A","0","false","-1","N/A","0","false","0","true","0","false","16740818597.846",,"16740818597.846","4","false","true",
"C","A","20220101","2022","52","2022","699","IND","India","M","Import","0","W00","World","0","W00","World","H6","HS","true","93","Arms and ammunition; parts and accessories thereof","2","false","C00","TOTAL CPC","0","0","TOTAL MOT","-1","N/A","0","false","-1","N/A","0","false",,"false","0","false","118080742.517",,"118080742.517","0","false","true",
"C","A","20220101","2022","52","2022","699","IND","India","X","Export","0","W00","World","0","W00","World","H6","HS","true","89","Ships, boats and floating structures","2","false","C00","TOTAL CPC","0","0","TOTAL MOT","-1","N/A","0","false","-1","N/A","0","false",,"false","0","false",,"3347083580.337","3347083580.337","0","false","true",
"C","A","20220101","2022","52","2022","699","IND","India","M","Import","0","W00","World","0","W00","World","H6","HS","true","58","Fabrics; special woven fabrics, tufted textile fabrics, lace, tapestries, trimmings, embroidery","2","false","C00","TOTAL CPC","0","0","TOTAL MOT","-1","N/A","0","false","-1","N/A","0","false","0","true","0","false","242894142.542",,"242894142.542","4","false","true",
"C","A","20220101","2022","52","2022","699","IND","India","M","Import","0","W00","World","0","W00","World","H6","HS","true","35","Albuminoidal substances; modified starches; glues; enzymes","2","false","C00","TOTAL CPC","0","0","TOTAL MOT","-1","N/A","0","false","-1","N/A","0","false","0","true","0","false","876693998.801",,"876693998.801","4","false","true",
"C","A","20220101","2022","52","2022","699","IND","India","M","Import","0","W00","World","0","W00","World","H6","HS","true","18","Cocoa and cocoa preparations","2","false","C00","TOTAL CPC","0","0","TOTAL MOT","-1","N/A","0","false","-1","N/A","0","false","0","true","0","false","461003052.957",,"461003052.957","4","false","true",
"C","A","20220101","2022","52","2022","699","IND","India","X","Export","0","W00","World","0","W00","World","H6","HS","true","58","Fabrics; special woven fabrics, tufted textile fabrics, lace, tapestries, trimmings, embroidery","2","false","C00","TOTAL CPC","0","0","TOTAL MOT","-1","N/A","0","false","-1","N/A","0","false",,"false","0","false",,"345560925.408","345560925.408","0","false","true",
"C","A","20220101","2022","52","2022","699","IND","India","X","Export","0","W00","World","0","W00","World","H6","HS","true","56","Wadding, felt and nonwovens, special yarns; twine, cordage, ropes and cables and articles thereof","2","false","C00","TOTAL CPC","0","0","TOTAL MOT","-1","N/A","0","false","-1","N/A","0","false","0","true","0","false",,"533446520.471","533446520.471","4","false","true",
"C","A","20220101","2022","52","2022","699","IND","India","M","Import","0","W00","World","0","W00","World","H6","HS","true","76","Aluminium and articles thereof","2","false","C00","TOTAL CPC","0","0","TOTAL MOT","-1","N/A","0","false","-1","N/A","0","false","0","true","0","false","7234173875.035",,"7234173875.035","4","false","true",
"C","A","20220101","2022","52","2022","699","IND","India","M","Import","0","W00","World","0","W00","World","H6","HS","true","97","Works of art; collectors' pieces and antiques","2","false","C00","TOTAL CPC","0","0","TOTAL MOT","-1","N/A","0","false","-1","N/A","0","false",,"false","0","false","93982733.585",,"93982733.585","0","false","true",
"C","A","20220101","2022","52","2022","699","IND","India","X","Export","0","W00","World","0","W00","World","H6","HS","true","15","Animal, vegetable or microbial fats and oils and their cleavage products; prepared edible fats; animal or vegetable waxes","2","false","C00","TOTAL CPC","0","0","TOTAL MOT","-1","N/A","0","false","-1","N/A","0","false","0","true","0","false",,"1831715099.933","1831715099.933","4","false","true",
"C","A","20220101","2022","52","2022","699","IND","India","X","Export","0","W00","World","0","W00","World","H6","HS","true","61","Apparel and clothing accessories; knitted or crocheted","2","false","C00","TOTAL CPC","0","0","TOTAL MOT","-1","N/A","0","false","-1","N/A","0","false","0","true","0","false",,"8203849778.837","8203849778.837","4","false","true",
"C","A","20220101","2022","52","2022","699","IND","India","M","Import","0","W00","World","0","W00","World","H6","HS","true","41","Raw hides and skins (other than furskins) and leather","2","false","C00","TOTAL CPC","0","0","TOTAL MOT","-1","N/A","0","false","-1","N/A","0","false","0","true","0","false","514620486.827",,"514620486.827","4","false","true",
"C","A","20220101","2022","52","2022","699","IND","India","M","Import","0","W00","World","0","W00","World","H6","HS","true","82","Tools, implements, cutlery, spoons and forks, of base metal; parts thereof, of base metal","2","false","C00","TOTAL CPC","0","0","TOTAL MOT","-1","N/A","0","false","-1","N/A","0","false",,"false","0","false","1359308238.458",,"1359308238.458","0","false","true",
"C","A","20220101","2022","52","2022","699","IND","India","M","Import","0","W00","World","0","W00","World","H6","HS","true","61","Apparel and clothing accessories; knitted or crocheted","2","false","C00","TOTAL CPC","0","0","TOTAL MOT","-1","N/A","0","false","-1","N/A","0","false","0","true","0","false","810486338.982",,"810486338.982","4","false","true",
"C","A","20220101","2022","52","2022","699","IND","India","X","Export","0","W00","World","0","W00","World","H6","HS","true","18","Cocoa and cocoa preparations","2","false","C00","TOTAL CPC","0","0","TOTAL MOT","-1","N/A","0","false","-1","N/A","0","false","0","true","0","false",,"154230318.323","154230318.323","4","false","true",
"C","A","20220101","2022","52","2022","699","IND","India","M","Import","0","W00","World","0","W00","World","H6","HS","true","79","Zinc and articles thereof","2","false","C00","TOTAL CPC","0","0","TOTAL MOT","-1","N/A","0","false","-1","N/A","0","false","0","true","0","false","869627992.651",,"869627992.651","4","false","true",
"C","A","20220101","2022","52","2022","699","IND","India","M","Import","0","W00","World","0","W00","World","H6","HS","true","70","Glass and glassware","2","false","C00","TOTAL CPC","0","0","TOTAL MOT","-1","N/A","0","false","-1","N/A","0","false",,"false","0","false","1700636585.402",,"1700636585.402","0","false","true",
"C","A","20220101","2022","52","2022","699","IND","India","M","Import","0","W00","World","0","W00","World","H6","HS","true","04","Dairy produce; birds' eggs; natural honey; edible products of animal origin, not elsewhere specified or included","2","false","C00","TOTAL CPC","0","0","TOTAL MOT","-1","N/A","0","false","-1","N/A","0","false","0","true","0","false","38114771.532",,"38114771.532","4","false","true",
"C","A","20220101","2022","52","2022","699","IND","India","M","Import","0","W00","World","0","W00","World","H6","HS","true","21","Miscellaneous edible preparations","2","false","C00","TOTAL CPC","0","0","TOTAL MOT","-1","N/A","0","false","-1","N/A","0","false","0","true","0","false","228273427.666",,"228273427.666","4","false","true",
"C","A","20220101","2022","52","2022","699","IND","India","X","Export","0","W00","World","0","W00","World","H6","HS","true","82","Tools, implements, cutlery, spoons and forks, of base metal; parts thereof, of base metal","2","false","C00","TOTAL CPC","0","0","TOTAL MOT","-1","N/A","0","false","-1","N/A","0","false","0","true","0","false",,"1132131549.251","1132131549.251","4","false","true",
"C","A","20220101","2022","52","2022","699","IND","India","X","Export","0","W00","World","0","W00","World","H6","HS","true","36","Explosives; pyrotechnic products; matches; pyrophoric alloys; certain combustible preparations","2","false","C00","TOTAL CPC","0","0","TOTAL MOT","-1","N/A","0","false","-1","N/A","0","false","0","true","0","false",,"165321240.945","165321240.945","4","false","true",
"C","A","20220101","2022","52","2022","699","IND","India","X","Export","0","W00","World","0","W00","World","H6","HS","true","73","Iron or steel articles","2","false","C00","TOTAL CPC","0","0","TOTAL MOT","-1","N/A","0","false","-1","N/A","0","false",,"false","0","false",,"9898013604.994","9898013604.994","0","false","true",
"C","A","20220101","2022","52","2022","699","IND","India","X","Export","0","W00","World","0","W00","World","H6","HS","true","94","Furniture; bedding, mattresses, mattress supports, cushions and similar stuffed furnishings; lamps and lighting fittings, n.e.c.; illuminated signs, illuminated name-plates and the like; prefabricated buildings","2","false","C00","TOTAL CPC","0","0","TOTAL MOT","-1","N/A","0","false","-1","N/A","0","false","0","true","0","false",,"2605897804.519","2605897804.519","4","false","true",
"C","A","20220101","2022","52","2022","699","IND","India","M","Import","0","W00","World","0","W00","World","H6","HS","true","50","Silk","2","false","C00","TOTAL CPC","0","0","TOTAL MOT","-1","N/A","0","false","-1","N/A","0","false",,"false","0","false","274049646.436",,"274049646.436","0","false","true",
"C","A","20220101","2022","52","2022","699","IND","India","X","Export","0","W00","World","0","W00","World","H6","HS","true","50","Silk","2","false","C00","TOTAL CPC","0","0","TOTAL MOT","-1","N/A","0","false","-1","N/A","0","false",,"false","0","false",,"94767181.419","94767181.419","0","false","true",
"C","A","20220101","2022","52","2022","699","IND","India","X","Export","0","W00","World","0","W00","World","H6","HS","true","33","Essential oils and resinoids; perfumery, cosmetic or toilet preparations","2","false","C00","TOTAL CPC","0","0","TOTAL MOT","-1","N/A","0","false","-1","N/A","0","false","0","true","0","false",,"2355626995.719","2355626995.719","4","false","true",
"C","A","20220101","2022","52","2022","699","IND","India","M","Import","0","W00","World","0","W00","World","H6","HS","true","73","Iron or steel articles","2","false","C00","TOTAL CPC","0","0","TOTAL MOT","-1","N/A","0","false","-1","N/A","0","false","0","true","0","false","4868053108.316",,"4868053108.316","4","false","true",
"C","A","20220101","2022","52","2022","699","IND","India","M","Import","0","W00","World","0","W00","World","H6","HS","true","53","Vegetable textile fibres; paper yarn and woven fabrics of paper yarn","2","false","C00","TOTAL CPC","0","0","TOTAL MOT","-1","N/A","0","false","-1","N/A","0","false",,"false","0","false","507917595.224",,"507917595.224","0","false","true",
"C","A","20220101","2022","52","2022","699","IND","India","X","Export","0","W00","World","0","W00","World","H6","HS","true","10","Cereals","2","false","C00","TOTAL CPC","0","0","TOTAL MOT","-1","N/A","0","false","-1","N/A","0","false","0","true","0","false",,"14087763977.023","14087763977.023","4","false","true",
"C","A","20220101","2022","52","2022","699","IND","India","M","Import","0","W00","World","0","W00","World","H6","HS","true","10","Cereals","2","false","C00","TOTAL CPC","0","0","TOTAL MOT","-1","N/A","0","false","-1","N/A","0","false","0","true","0","false","120779075.246",,"120779075.246","4","false","true",
"C","A","20220101","2022","52","2022","699","IND","India","M","Import","0","W00","World","0","W00","World","H6","HS","true","13","Lac; gums, resins and other vegetable saps and extracts","2","false","C00","TOTAL CPC","0","0","TOTAL MOT","-1","N/A","0","false","-1","N/A","0","false","0","true","0","false","370605876.909",,"370605876.909","4","false","true",
"C","A","20220101","2022","52","2022","699","IND","India","X","Export","0","W00","World","0","W00","World","H6","HS","true","69","Ceramic products","2","false","C00","TOTAL CPC","0","0","TOTAL MOT","-1","N/A","0","false","-1","N/A","0","false","0","true","0","false",,"2443913964.571","2443913964.571","4","false","true",
"C","A","20220101","2022","52","2022","699","IND","India","M","Import","0","W00","World","0","W00","World","H6","HS","true","45","Cork and articles of cork","2","false","C00","TOTAL CPC","0","0","TOTAL MOT","-1","N/A","0","false","-1","N/A","0","false","0","true","0","false","9017531.261",,"9017531.261","4","false","true",
"C","A","20220101","2022","52","2022","699","IND","India","M","Import","0","W00","World","0","W00","World","H6","HS","true","87","Vehicles; other than railway or tramway rolling stock, and parts and accessories thereof","2","false","C00","TOTAL CPC","0","0","TOTAL MOT","-1","N/A","0","false","-1","N/A","0","false","0","true","0","false","6946514152.237",,"6946514152.237","4","false","true",
"C","A","20220101","2022","52","2022","699","IND","India","X","Export","0","W00","World","0","W00","World","H6","HS","true","53","Vegetable textile fibres; paper yarn and woven fabrics of paper yarn","2","false","C00","TOTAL CPC","0","0","TOTAL MOT","-1","N/A","0","false","-1","N/A","0","false",,"false","0","false",,"543322304.644","543322304.644","0","false","true",
"C","A","20220101","2022","52","2022","699","IND","India","M","Import","0","W00","World","0","W00","World","H6","HS","true","83","Metal; miscellaneous products of base metal","2","false","C00","TOTAL CPC","0","0","TOTAL MOT","-1","N/A","0","false","-1","N/A","0","false","0","true","0","false","1295650297.436",,"1295650297.436","4","false","true",
"C","A","20220101","2022","52","2022","699","IND","India","M","Import","0","W00","World","0","W00","World","H6","HS","true","22","Beverages, spirits and vinegar","2","false","C00","TOTAL CPC","0","0","TOTAL MOT","-1","N/A","0","false","-1","N/A","0","false","0","true","0","false","1072211637.811",,"1072211637.811","4","false","true",
"C","A","20220101","2022","52","2022","699","IND","India","M","Import","0","W00","World","0","W00","World","H6","HS","true","19","Preparations of cereals, flour, starch or milk; pastrycooks' products","2","false","C00","TOTAL CPC","0","0","TOTAL MOT","-1","N/A","0","false","-1","N/A","0","false","0","true","0","false","168530766.185",,"168530766.185","4","false","true",
"C","A","20220101","2022","52","2022","699","IND","India","X","Export","0","W00","World","0","W00","World","H6","HS","true","62","Apparel and clothing accessories; not knitted or crocheted","2","false","C00","TOTAL CPC","0","0","TOTAL MOT","-1","N/A","0","false","-1","N/A","0","false",,"false","0","false",,"8473393494.19","8473393494.19","0","false","true",
"C","A","20220101","2022","52","2022","699","IND","India","X","Export","0","W00","World","0","W00","World","H6","HS","true","19","Preparations of cereals, flour, starch or milk; pastrycooks' products","2","false","C00","TOTAL CPC","0","0","TOTAL MOT","-1","N/A","0","false","-1","N/A","0","false","0","true","0","false",,"715641739.285","715641739.285","4","false","true",
"C","A","20220101","2022","52","2022","699","IND","India","M","Import","0","W00","World","0","W00","World","H6","HS","true","86","Railway, tramway locomotives, rolling-stock and parts thereof; railway or tramway track fixtures and fittings and parts thereof; mechanical (including electro-mechanical) traffic signalling equipment of all kinds","2","false","C00","TOTAL CPC","0","0","TOTAL MOT","-1","N/A","0","false","-1","N/A","0","false",,"false","0","false","585381678.47",,"585381678.47","0","false","true",
"C","A","20220101","2022","52","2022","699","IND","India","M","Import","0","W00","World","0","W00","World","H6","HS","true","94","Furniture; bedding, mattresses, mattress supports, cushions and similar stuffed furnishings; lamps and lighting fittings, n.e.c.; illuminated signs, illuminated name-plates and the like; prefabricated buildings","2","false","C00","TOTAL CPC","0","0","TOTAL MOT","-1","N/A","0","false","-1","N/A","0","false","0","true","0","false","1583367728.911",,"1583367728.911","4","false","true",
"C","A","20220101","2022","52","2022","699","IND","India","X","Export","0","W00","World","0","W00","World","H6","HS","true","13","Lac; gums, resins and other vegetable saps and extracts","2","false","C00","TOTAL CPC","0","0","TOTAL MOT","-1","N/A","0","false","-1","N/A","0","false","0","true","0","false",,"1087479117.035","1087479117.035","4","false","true",
"C","A","20220101","2022","52","2022","699","IND","India","M","Import","0","W00","World","0","W00","World","H6","HS","true","56","Wadding, felt and nonwovens, special yarns; twine, cordage, ropes and cables and articles thereof","2","false","C00","TOTAL CPC","0","0","TOTAL MOT","-1","N/A","0","false","-1","N/A","0","false","0","true","0","false","449793086.128",,"449793086.128","4","false","true",
"C","A","20220101","2022","52","2022","699","IND","India","X","Export","0","W00","World","0","W00","World","H6","HS","true","72","Iron and steel","2","false","C00","TOTAL CPC","0","0","TOTAL MOT","-1","N/A","0","false","-1","N/A","0","false","0","true","0","false",,"15198276918.302","15198276918.302","4","false","true",
"C","A","20220101","2022","52","2022","699","IND","India","X","Export","0","W00","World","0","W00","World","H6","HS","true","23","Food industries, residues and wastes thereof; prepared animal fodder","2","false","C00","TOTAL CPC","0","0","TOTAL MOT","-1","N/A","0","false","-1","N/A","0","false","0","true","0","false",,"2015014181.186","2015014181.186","4","false","true",
"C","A","20220101","2022","52","2022","699","IND","India","X","Export","0","W00","World","0","W00","World","H6","HS","true","43","Furskins and artificial fur; manufactures thereof","2","false","C00","TOTAL CPC","0","0","TOTAL MOT","-1","N/A","0","false","-1","N/A","0","false","0","true","0","false",,"17507645.896","17507645.896","4","false","true",
"C","A","20220101","2022","52","2022","699","IND","India","X","Export","0","W00","World","0","W00","World","H6","HS","true","83","Metal; miscellaneous products of base metal","2","false","C00","TOTAL CPC","0","0","TOTAL MOT","-1","N/A","0","false","-1","N/A","0","false","0","true","0","false",,"886773246.786","886773246.786","4","false","true",
"C","A","20220101","2022","52","2022","699","IND","India","X","Export","0","W00","World","0","W00","World","H6","HS","true","41","Raw hides and skins (other than furskins) and leather","2","false","C00","TOTAL CPC","0","0","TOTAL MOT","-1","N/A","0","false","-1","N/A","0","false","0","true","0","false",,"448157190.68","448157190.68","4","false","true",
"C","A","20220101","2022","52","2022","699","IND","India","X","Export","0","W00","World","0","W00","World","H6","HS","true","70","Glass and glassware","2","false","C00","TOTAL CPC","0","0","TOTAL MOT","-1","N/A","0","false","-1","N/A","0","false","0","true","0","false",,"1074623000.86","1074623000.86","4","false","true",
"C","A","20220101","2022","52","2022","699","IND","India","M","Import","0","W00","World","0","W00","World","H6","HS","true","33","Essential oils and resinoids; perfumery, cosmetic or toilet preparations","2","false","C00","TOTAL CPC","0","0","TOTAL MOT","-1","N/A","0","false","-1","N/A","0","false","0","true","0","false","1366096435.983",,"1366096435.983","4","false","true",
"C","A","20220101","2022","52","2022","699","IND","India","X","Export","0","W00","World","0","W00","World","H6","HS","true","91","Clocks and watches and parts thereof","2","false","C00","TOTAL CPC","0","0","TOTAL MOT","-1","N/A","0","false","-1","N/A","0","false",,"false","0","false",,"79889947.524","79889947.524","0","false","true",
"C","A","20220101","2022","52","2022","699","IND","India","X","Export","0","W00","World","0","W00","World","H6","HS","true","76","Aluminium and articles thereof","2","false","C00","TOTAL CPC","0","0","TOTAL MOT","-1","N/A","0","false","-1","N/A","0","false","0","true","0","false",,"9597945033.11","9597945033.11","4","false","true",
"C","A","20220101","2022","52","2022","699","IND","India","M","Import","0","W00","World","0","W00","World","H6","HS","true","30","Pharmaceutical products","2","false","C00","TOTAL CPC","0","0","TOTAL MOT","-1","N/A","0","false","-1","N/A","0","false","0","true","0","false","2730438575.194",,"2730438575.194","4","false","true",
"C","A","20220101","2022","52","2022","699","IND","India","X","Export","0","W00","World","0","W00","World","H6","HS","true","97","Works of art; collectors' pieces and antiques","2","false","C00","TOTAL CPC","0","0","TOTAL MOT","-1","N/A","0","false","-1","N/A","0","false",,"false","0","false",,"98910500.73","98910500.73","0","false","true",
"C","A","20220101","2022","52","2022","699","IND","India","X","Export","0","W00","World","0","W00","World","H6","HS","true","30","Pharmaceutical products","2","false","C00","TOTAL CPC","0","0","TOTAL MOT","-1","N/A","0","false","-1","N/A","0","false","0","true","0","false",,"19752791624.23","19752791624.23","4","false","true",
"C","A","20220101","2022","52","2022","699","IND","India","M","Import","0","W00","World","0","W00","World","H6","HS","true","36","Explosives; pyrotechnic products; matches; pyrophoric alloys; certain combustible preparations","2","false","C00","TOTAL CPC","0","0","TOTAL MOT","-1","N/A","0","false","-1","N/A","0","false","0","true","0","false","17206687.011",,"17206687.011","4","false","true",
"C","A","20220101","2022","52","2022","699","IND","India","X","Export","0","W00","World","0","W00","World","H6","HS","true","79","Zinc and articles thereof","2","false","C00","TOTAL CPC","0","0","TOTAL MOT","-1","N/A","0","false","-1","N/A","0","false","0","true","0","false",,"1355648072.38","1355648072.38","4","false","true",
"C","A","20220101","2022","52","2022","699","IND","India","X","Export","0","W00","World","0","W00","World","H6","HS","true","55","Man-made staple fibres","2","false","C00","TOTAL CPC","0","0","TOTAL MOT","-1","N/A","0","false","-1","N/A","0","false","0","true","0","false",,"1887141246.399","1887141246.399","4","false","true",
"C","A","20220101","2022","52","2022","699","IND","India","M","Import","0","W00","World","0","W00","World","H6","HS","true","55","Man-made staple fibres","2","false","C00","TOTAL CPC","0","0","TOTAL MOT","-1","N/A","0","false","-1","N/A","0","false","0","true","0","false","1243724325.583",,"1243724325.583","4","false","true",
"C","A","20220101","2022","52","2022","699","IND","India","M","Import","0","W00","World","0","W00","World","H6","HS","true","38","Chemical products n.e.c.","2","false","C00","TOTAL CPC","0","0","TOTAL MOT","-1","N/A","0","false","-1","N/A","0","false","0","true","0","false","8110412181.479",,"8110412181.479","4","false","true",
"C","A","20220101","2022","52","2022","699","IND","India","X","Export","0","W00","World","0","W00","World","H6","HS","true","92","Musical instruments; parts and accessories of such articles","2","false","C00","TOTAL CPC","0","0","TOTAL MOT","-1","N/A","0","false","-1","N/A","0","false",,"false","0","false",,"46262479.758","46262479.758","0","false","true",
"C","A","20220101","2022","52","2022","699","IND","India","X","Export","0","W00","World","0","W00","World","H6","HS","true","51","Wool, fine or coarse animal hair; horsehair yarn and woven fabric","2","false","C00","TOTAL CPC","0","0","TOTAL MOT","-1","N/A","0","false","-1","N/A","0","false",,"false","0","false",,"163720186.129","163720186.129","0","false","true",
"C","A","20220101","2022","52","2022","699","IND","India","X","Export","0","W00","World","0","W00","World","H6","HS","true","90","Optical, photographic, cinematographic, measuring, checking, medical or surgical instruments and apparatus; parts and accessories","2","false","C00","TOTAL CPC","0","0","TOTAL MOT","-1","N/A","0","false","-1","N/A","0","false",,"false","0","false",,"4598724368.041","4598724368.041","0","false","true",
"C","A","20220101","2022","52","2022","699","IND","India","M","Import","0","W00","World","0","W00","World","H6","HS","true","15","Animal, vegetable or microbial fats and oils and their cleavage products; prepared edible fats; animal or vegetable waxes","2","false","C00","TOTAL CPC","0","0","TOTAL MOT","-1","N/A","0","false","-1","N/A","0","false","0","true","0","false","21639098762.393",,"21639098762.393","4","false","true",
"C","A","20220101","2022","52","2022","699","IND","India","X","Export","0","W00","World","0","W00","World","H6","HS","true","35","Albuminoidal substances; modified starches; glues; enzymes","2","false","C00","TOTAL CPC","0","0","TOTAL MOT","-1","N/A","0","false","-1","N/A","0","false","0","true","0","false",,"438694905.767","438694905.767","4","false","true",
"C","A","20220101","2022","52","2022","699","IND","India","M","Import","0","W00","World","0","W00","World","H6","HS","true","62","Apparel and clothing accessories; not knitted or crocheted","2","false","C00","TOTAL CPC","0","0","TOTAL MOT","-1","N/A","0","false","-1","N/A","0","false","0","true","0","false","915083534.309",,"915083534.309","4","false","true",
"C","A","20220101","2022","52","2022","699","IND","India","X","Export","0","W00","World","0","W00","World","H6","HS","true","38","Chemical products n.e.c.","2","false","C00","TOTAL CPC","0","0","TOTAL MOT","-1","N/A","0","false","-1","N/A","0","false","0","true","0","false",,"8068059228.372","8068059228.372","4","false","true",
"C","A","20220101","2022","52","2022","699","IND","India","M","Import","0","W00","World","0","W00","World","H6","HS","true","20","Preparations of vegetables, fruit, nuts or other parts of plants","2","false","C00","TOTAL CPC","0","0","TOTAL MOT","-1","N/A","0","false","-1","N/A","0","false","0","true","0","false","145624484.651",,"145624484.651","4","false","true",
"C","A","20220101","2022","52","2022","699","IND","India","M","Import","0","W00","World","0","W00","World","H6","HS","true","65","Headgear and parts thereof","2","false","C00","TOTAL CPC","0","0","TOTAL MOT","-1","N/A","0","false","-1","N/A","0","false","0","true","0","false","41915131.186",,"41915131.186","4","false","true",
"C","A","20220101","2022","52","2022","699","IND","India","M","Import","0","W00","World","0","W00","World","H6","HS","true","71","Natural, cultured pearls; precious, semi-precious stones; precious metals, metals clad with precious metal, and articles thereof; imitation jewellery; coin","2","false","C00","TOTAL CPC","0","0","TOTAL MOT","-1","N/A","0","false","-1","N/A","0","false","0","true","0","false","78172888292.316",,"78172888292.316","4","false","true",
"C","A","20220101","2022","52","2022","699","IND","India","M","Import","0","W00","World","0","W00","World","H6","HS","true","52","Cotton","2","false","C00","TOTAL CPC","0","0","TOTAL MOT","-1","N/A","0","false","-1","N/A","0","false",,"false","0","false","1748968184.633",,"1748968184.633","0","false","true",
"C","A","20220101","2022","52","2022","699","IND","India","M","Import","0","W00","World","0","W00","World","H6","HS","true","47","Pulp of wood or other fibrous cellulosic material; recovered (waste and scrap) paper or paperboard","2","false","C00","TOTAL CPC","0","0","TOTAL MOT","-1","N/A","0","false","-1","N/A","0","false","0","true","0","false","3997453016.357",,"3997453016.357","4","false","true",
"C","A","20220101","2022","52","2022","699","IND","India","M","Import","0","W00","World","0","W00","World","H6","HS","true","64","Footwear; gaiters and the like; parts of such articles","2","false","C00","TOTAL CPC","0","0","TOTAL MOT","-1","N/A","0","false","-1","N/A","0","false","0","true","0","false","908410524.152",,"908410524.152","4","false","true",
"C","A","20220101","2022","52","2022","699","IND","India","X","Export","0","W00","World","0","W00","World","H6","HS","true","75","Nickel and articles thereof","2","false","C00","TOTAL CPC","0","0","TOTAL MOT","-1","N/A","0","false","-1","N/A","0","false","0","true","0","false",,"210146439.39","210146439.39","4","false","true",
"C","A","20220101","2022","52","2022","699","IND","India","X","Export","0","W00","World","0","W00","World","H6","HS","true","09","Coffee, tea, mate and spices","2","false","C00","TOTAL CPC","0","0","TOTAL MOT","-1","N/A","0","false","-1","N/A","0","false","0","true","0","false",,"4018448352.192","4018448352.192","4","false","true",
"C","A","20220101","2022","52","2022","699","IND","India","X","Export","0","W00","World","0","W00","World","H6","HS","true","84","Machinery and mechanical appliances, boilers, nuclear reactors; parts thereof","2","false","C00","TOTAL CPC","0","0","TOTAL MOT","-1","N/A","0","false","-1","N/A","0","false","0","true","0","false",,"27502753831.486","27502753831.486","4","false","true",
"C","A","20220101","2022","52","2022","699","IND","India","M","Import","0","W00","World","0","W00","World","H6","HS","true","46","Manufactures of straw, esparto or other plaiting materials; basketware and wickerwork","2","false","C00","TOTAL CPC","0","0","TOTAL MOT","-1","N/A","0","false","-1","N/A","0","false","0","true","0","false","7331496.38",,"7331496.38","4","false","true",
"C","A","20220101","2022","52","2022","699","IND","India","M","Import","0","W00","World","0","W00","World","H6","HS","true","25","Salt; sulphur; earths, stone; plastering materials, lime and cement","2","false","C00","TOTAL CPC","0","0","TOTAL MOT","-1","N/A","0","false","-1","N/A","0","false","0","true","0","false","4749129275.423",,"4749129275.423","4","false","true",
"C","A","20220101","2022","52","2022","699","IND","India","M","Import","0","W00","World","0","W00","World","H6","HS","true","84","Machinery and mechanical appliances, boilers, nuclear reactors; parts thereof","2","false","C00","TOTAL CPC","0","0","TOTAL MOT","-1","N/A","0","false","-1","N/A","0","false",,"false","0","false","54792401217.434",,"54792401217.434","0","false","true",
"C","A","20220101","2022","52","2022","699","IND","India","X","Export","0","W00","World","0","W00","World","H6","HS","true","99","Commodities not specified according to kind","2","false","C00","TOTAL CPC","0","0","TOTAL MOT","-1","N/A","0","false","-1","N/A","0","false","0","false","0","false",,"101321297.949","101321297.949","0","false","true",
"C","A","20220101","2022","52","2022","699","IND","India","M","Import","0","W00","World","0","W00","World","H6","HS","true","32","Tanning or dyeing extracts; tannins and their derivatives; dyes, pigments and other colouring matter; paints, varnishes; putty, other mastics; inks","2","false","C00","TOTAL CPC","0","0","TOTAL MOT","-1","N/A","0","false","-1","N/A","0","false","0","true","0","false","2657671429.791",,"2657671429.791","4","false","true",
"C","A","20220101","2022","52","2022","699","IND","India","M","Import","0","W00","World","0","W00","World","H6","HS","true","99","Commodities not specified according to kind","2","false","C00","TOTAL CPC","0","0","TOTAL MOT","-1","N/A","0","false","-1","N/A","0","false","0","false","0","false","1406615171.571",,"1406615171.571","0","false","true",
"C","A","20220101","2022","52","2022","699","IND","India","M","Import","0","W00","World","0","W00","World","H6","HS","true","63","Textiles, made up articles; sets; worn clothing and worn textile articles; rags","2","false","C00","TOTAL CPC","0","0","TOTAL MOT","-1","N/A","0","false","-1","N/A","0","false",,"false","0","false","624544898.842",,"624544898.842","0","false","true",
"C","A","20220101","2022","52","2022","699","IND","India","M","Import","0","W00","World","0","W00","World","H6","HS","true","05","Animal originated products; not elsewhere specified or included","2","false","C00","TOTAL CPC","0","0","TOTAL MOT","-1","N/A","0","false","-1","N/A","0","false","0","true","0","false","46986736.37",,"46986736.37","4","false","true",
"C","A","20220101","2022","52","2022","699","IND","India","M","Import","0","W00","World","0","W00","World","H6","HS","true","06","Trees and other plants, live; bulbs, roots and the like; cut flowers and ornamental foliage","2","false","C00","TOTAL CPC","0","0","TOTAL MOT","-1","N/A","0","false","-1","N/A","0","false","0","true","0","false","36388651.258",,"36388651.258","4","false","true",
"C","A","20220101","2022","52","2022","699","IND","India","M","Import","0","W00","World","0","W00","World","H6","HS","true","28","Inorganic chemicals; organic and inorganic compounds of precious metals; of rare earth metals, of radio-active elements and of isotopes","2","false","C00","TOTAL CPC","0","0","TOTAL MOT","-1","N/A","0","false","-1","N/A","0","false","0","true","0","false","12714242403.016",,"12714242403.016","4","false","true",
"C","A","20220101","2022","52","2022","699","IND","India","X","Export","0","W00","World","0","W00","World","H6","HS","true","49","Printed books, newspapers, pictures and other products of the printing industry; manuscripts, typescripts and plans","2","false","C00","TOTAL CPC","0","0","TOTAL MOT","-1","N/A","0","false","-1","N/A","0","false","0","true","0","false",,"388610904.632","388610904.632","4","false","true",
"C","A","20220101","2022","52","2022","699","IND","India","M","Import","0","W00","World","0","W00","World","H6","HS","true","60","Fabrics; knitted or crocheted","2","false","C00","TOTAL CPC","0","0","TOTAL MOT","-1","N/A","0","false","-1","N/A","0","false","0","true","0","false","782209914.051",,"782209914.051","4","false","true",
"C","A","20220101","2022","52","2022","699","IND","India","M","Import","0","W00","World","0","W00","World","H6","HS","true","69","Ceramic products","2","false","C00","TOTAL CPC","0","0","TOTAL MOT","-1","N/A","0","false","-1","N/A","0","false","0","true","0","false","900591605.49",,"900591605.49","4","false","true",
"C","A","20220101","2022","52","2022","699","IND","India","X","Export","0","W00","World","0","W00","World","H6","HS","true","20","Preparations of vegetables, fruit, nuts or other parts of plants","2","false","C00","TOTAL CPC","0","0","TOTAL MOT","-1","N/A","0","false","-1","N/A","0","false","0","true","0","false",,"872069669.587","872069669.587","4","false","true",
"C","A","20220101","2022","52","2022","699","IND","India","X","Export","0","W00","World","0","W00","World","H6","HS","true","68","Stone, plaster, cement, asbestos, mica or similar materials; articles thereof","2","false","C00","TOTAL CPC","0","0","TOTAL MOT","-1","N/A","0","false","-1","N/A","0","false","0","true","0","false",,"2228836277.373","2228836277.373","4","false","true",
"C","A","20220101","2022","52","2022","699","IND","India","M","Import","0","W00","World","0","W00","World","H6","HS","true","96","Miscellaneous manufactured articles","2","false","C00","TOTAL CPC","0","0","TOTAL MOT","-1","N/A","0","false","-1","N/A","0","false","0","true","0","false","790668631.386",,"790668631.386","4","false","true",
"C","A","20220101","2022","52","2022","699","IND","India","X","Export","0","W00","World","0","W00","World","H6","HS","true","66","Umbrellas, sun umbrellas, walking-sticks, seat sticks, whips, riding crops; and parts thereof","2","false","C00","TOTAL CPC","0","0","TOTAL MOT","-1","N/A","0","false","-1","N/A","0","false","0","true","0","false",,"4434401.505","4434401.505","4","false","true",
"C","A","20220101","2022","52","2022","699","IND","India","X","Export","0","W00","World","0","W00","World","H6","HS","true","96","Miscellaneous manufactured articles","2","false","C00","TOTAL CPC","0","0","TOTAL MOT","-1","N/A","0","false","-1","N/A","0","false",,"false","0","false",,"768805217.287","768805217.287","0","false","true",
"C","A","20220101","2022","52","2022","699","IND","India","M","Import","0","W00","World","0","W00","World","H6","HS","true","23","Food industries, residues and wastes thereof; prepared animal fodder","2","false","C00","TOTAL CPC","0","0","TOTAL MOT","-1","N/A","0","false","-1","N/A","0","false","0","true","0","false","874910271.407",,"874910271.407","4","false","true",
"C","A","20220101","2022","52","2022","699","IND","India","M","Import","0","W00","World","0","W00","World","H6","HS","true","66","Umbrellas, sun umbrellas, walking-sticks, seat sticks, whips, riding crops; and parts thereof","2","false","C00","TOTAL CPC","0","0","TOTAL MOT","-1","N/A","0","false","-1","N/A","0","false","0","true","0","false","38057185.634",,"38057185.634","4","false","true",
"C","A","20220101","2022","52","2022","699","IND","India","X","Export","0","W00","World","0","W00","World","H6","HS","true","48","Paper and paperboard; articles of paper pulp, of paper or paperboard","2","false","C00","TOTAL CPC","0","0","TOTAL MOT","-1","N/A","0","false","-1","N/A","0","false","0","true","0","false",,"3142276013.806","3142276013.806","4","false","true",
"C","A","20220101","2022","52","2022","699","IND","India","M","Import","0","W00","World","0","W00","World","H6","HS","true","49","Printed books, newspapers, pictures and other products of the printing industry; manuscripts, typescripts and plans","2","false","C00","TOTAL CPC","0","0","TOTAL MOT","-1","N/A","0","false","-1","N/A","0","false","0","true","0","false","348223189.669",,"348223189.669","4","false","true",
"C","A","20220101","2022","52","2022","699","IND","India","X","Export","0","W00","World","0","W00","World","H6","HS","true","05","Animal originated products; not elsewhere specified or included","2","false","C00","TOTAL CPC","0","0","TOTAL MOT","-1","N/A","0","false","-1","N/A","0","false","0","true","0","false",,"219087878.689","219087878.689","4","false","true",
"C","A","20220101","2022","52","2022","699","IND","India","X","Export","0","W00","World","0","W00","World","H6","HS","true","40","Rubber and articles thereof","2","false","C00","TOTAL CPC","0","0","TOTAL MOT","-1","N/A","0","false","-1","N/A","0","false","0","true","0","false",,"4826758633.522","4826758633.522","4","false","true",
"C","A","20220101","2022","52","2022","699","IND","India","X","Export","0","W00","World","0","W00","World","H6","HS","true","12","Oil seeds and oleaginous fruits; miscellaneous grains, seeds and fruit, industrial or medicinal plants; straw and fodder","2","false","C00","TOTAL CPC","0","0","TOTAL MOT","-1","N/A","0","false","-1","N/A","0","false","0","true","0","false",,"1893117864.035","1893117864.035","4","false","true",
"C","A","20220101","2022","52","2022","699","IND","India","X","Export","0","W00","World","0","W00","World","H6","HS","true","45","Cork and articles of cork","2","false","C00","TOTAL CPC","0","0","TOTAL MOT","-1","N/A","0","false","-1","N/A","0","false","0","true","0","false",,"4610419.39","4610419.39","4","false","true",
"C","A","20220101","2022","52","2022","699","IND","India","X","Export","0","W00","World","0","W00","World","H6","HS","true","29","Organic chemicals","2","false","C00","TOTAL CPC","0","0","TOTAL MOT","-1","N/A","0","false","-1","N/A","0","false","0","true","0","false",,"21876532115.163","21876532115.163","4","false","true",
"C","A","20220101","2022","52","2022","699","IND","India","M","Import","0","W00","World","0","W00","World","H6","HS","true","03","Fish and crustaceans, molluscs and other aquatic invertebrates","2","false","C00","TOTAL CPC","0","0","TOTAL MOT","-1","N/A","0","false","-1","N/A","0","false","0","true","0","false","185533204.038",,"185533204.038","4","false","true",
"C","A","20220101","2022","52","2022","699","IND","India","M","Import","0","W00","World","0","W00","World","H6","HS","true","29","Organic chemicals","2","false","C00","TOTAL CPC","0","0","TOTAL MOT","-1","N/A","0","false","-1","N/A","0","false","0","true","0","false","29810255983.329",,"29810255983.329","4","false","true",
"C","A","20220101","2022","52","2022","699","IND","India","X","Export","0","W00","World","0","W00","World","H6","HS","true","06","Trees and other plants, live; bulbs, roots and the like; cut flowers and ornamental foliage","2","false","C00","TOTAL CPC","0","0","TOTAL MOT","-1","N/A","0","false","-1","N/A","0","false","0","true","0","false",,"95702965.248","95702965.248","4","false","true",
"C","A","20230101","2023","52","2023","699","IND","India","X","Export","0","W00","World","0","W00","World","H6","HS","true","15","Animal, vegetable or microbial fats and oils and their cleavage products; prepared edible fats; animal or vegetable waxes","2","false","C00","TOTAL CPC","0","0","TOTAL MOT","-1","N/A","0","false","-1","N/A","0","false","0","true","0","false",,"1910718281.018","1910718281.018","4","false","true",
"C","A","20230101","2023","52","2023","699","IND","India","X","Export","0","W00","World","0","W00","World","H6","HS","true","18","Cocoa and cocoa preparations","2","false","C00","TOTAL CPC","0","0","TOTAL MOT","-1","N/A","0","false","-1","N/A","0","false","0","true","0","false",,"171057755.368","171057755.368","4","false","true",
"C","A","20230101","2023","52","2023","699","IND","India","X","Export","0","W00","World","0","W00","World","H6","HS","true","35","Albuminoidal substances; modified starches; glues; enzymes","2","false","C00","TOTAL CPC","0","0","TOTAL MOT","-1","N/A","0","false","-1","N/A","0","false","0","true","0","false",,"399474385.287","399474385.287","4","false","true",
"C","A","20230101","2023","52","2023","699","IND","India","X","Export","0","W00","World","0","W00","World","H6","HS","true","38","Chemical products n.e.c.","2","false","C00","TOTAL CPC","0","0","TOTAL MOT","-1","N/A","0","false","-1","N/A","0","false","0","true","0","false",,"6637077786.388","6637077786.388","4","false","true",
"C","A","20230101","2023","52","2023","699","IND","India","X","Export","0","W00","World","0","W00","World","H6","HS","true","41","Raw hides and skins (other than furskins) and leather","2","false","C00","TOTAL CPC","0","0","TOTAL MOT","-1","N/A","0","false","-1","N/A","0","false","0","true","0","false",,"447667774.533","447667774.533","4","false","true",
"C","A","20230101","2023","52","2023","699","IND","India","X","Export","0","W00","World","0","W00","World","H6","HS","true","55","Man-made staple fibres","2","false","C00","TOTAL CPC","0","0","TOTAL MOT","-1","N/A","0","false","-1","N/A","0","false","0","true","0","false",,"1677552537.217","1677552537.217","4","false","true",
"C","A","20230101","2023","52","2023","699","IND","India","X","Export","0","W00","World","0","W00","World","H6","HS","true","58","Fabrics; special woven fabrics, tufted textile fabrics, lace, tapestries, trimmings, embroidery","2","false","C00","TOTAL CPC","0","0","TOTAL MOT","-1","N/A","0","false","-1","N/A","0","false","0","true","0","false",,"366904389.26","366904389.26","4","false","true",
"C","A","20230101","2023","52","2023","699","IND","India","X","Export","0","W00","World","0","W00","World","H6","HS","true","79","Zinc and articles thereof","2","false","C00","TOTAL CPC","0","0","TOTAL MOT","-1","N/A","0","false","-1","N/A","0","false","0","true","0","false",,"888394866.322","888394866.322","4","false","true",
"C","A","20230101","2023","52","2023","699","IND","India","X","Export","0","W00","World","0","W00","World","H6","HS","true","61","Apparel and clothing accessories; knitted or crocheted","2","false","C00","TOTAL CPC","0","0","TOTAL MOT","-1","N/A","0","false","-1","N/A","0","false",,"false","0","false",,"6662122700.291","6662122700.291","0","false","true",
"C","A","20230101","2023","52","2023","699","IND","India","X","Export","0","W00","World","0","W00","World","H6","HS","true","82","Tools, implements, cutlery, spoons and forks, of base metal; parts thereof, of base metal","2","false","C00","TOTAL CPC","0","0","TOTAL MOT","-1","N/A","0","false","-1","N/A","0","false",,"false","0","false",,"1037994224.274","1037994224.274","0","false","true",
"C","A","20230101","2023","52","2023","699","IND","India","M","Import","0","W00","World","0","W00","World","H6","HS","true","03","Fish and crustaceans, molluscs and other aquatic invertebrates","2","false","C00","TOTAL CPC","0","0","TOTAL MOT","-1","N/A","0","false","-1","N/A","0","false","0","true","0","false","159374752.485",,"159374752.485","4","false","true",
"C","A","20230101","2023","52","2023","699","IND","India","M","Import","0","W00","World","0","W00","World","H6","HS","true","05","Animal originated products; not elsewhere specified or included","2","false","C00","TOTAL CPC","0","0","TOTAL MOT","-1","N/A","0","false","-1","N/A","0","false","0","true","0","false","43257487.325",,"43257487.325","4","false","true",
"C","A","20230101","2023","52","2023","699","IND","India","M","Import","0","W00","World","0","W00","World","H6","HS","true","06","Trees and other plants, live; bulbs, roots and the like; cut flowers and ornamental foliage","2","false","C00","TOTAL CPC","0","0","TOTAL MOT","-1","N/A","0","false","-1","N/A","0","false","0","true","0","false","34157410.968",,"34157410.968","4","false","true",
"C","A","20230101","2023","52","2023","699","IND","India","M","Import","0","W00","World","0","W00","World","H6","HS","true","09","Coffee, tea, mate and spices","2","false","C00","TOTAL CPC","0","0","TOTAL MOT","-1","N/A","0","false","-1","N/A","0","false","0","true","0","false","1115946681.852",,"1115946681.852","4","false","true",
"C","A","20230101","2023","52","2023","699","IND","India","M","Import","0","W00","World","0","W00","World","H6","HS","true","12","Oil seeds and oleaginous fruits; miscellaneous grains, seeds and fruit, industrial or medicinal plants; straw and fodder","2","false","C00","TOTAL CPC","0","0","TOTAL MOT","-1","N/A","0","false","-1","N/A","0","false","0","true","0","false","1102175551.51",,"1102175551.51","4","false","true",
"C","A","20230101","2023","52","2023","699","IND","India","M","Import","0","W00","World","0","W00","World","H6","HS","true","19","Preparations of cereals, flour, starch or milk; pastrycooks' products","2","false","C00","TOTAL CPC","0","0","TOTAL MOT","-1","N/A","0","false","-1","N/A","0","false","0","true","0","false","156135214.165",,"156135214.165","4","false","true",
"C","A","20230101","2023","52","2023","699","IND","India","M","Import","0","W00","World","0","W00","World","H6","HS","true","20","Preparations of vegetables, fruit, nuts or other parts of plants","2","false","C00","TOTAL CPC","0","0","TOTAL MOT","-1","N/A","0","false","-1","N/A","0","false","0","true","0","false","148201141.783",,"148201141.783","4","false","true",
"C","A","20230101","2023","52","2023","699","IND","India","M","Import","0","W00","World","0","W00","World","H6","HS","true","23","Food industries, residues and wastes thereof; prepared animal fodder","2","false","C00","TOTAL CPC","0","0","TOTAL MOT","-1","N/A","0","false","-1","N/A","0","false","0","true","0","false","642947549.292",,"642947549.292","4","false","true",
"C","A","20230101","2023","52","2023","699","IND","India","M","Import","0","W00","World","0","W00","World","H6","HS","true","25","Salt; sulphur; earths, stone; plastering materials, lime and cement","2","false","C00","TOTAL CPC","0","0","TOTAL MOT","-1","N/A","0","false","-1","N/A","0","false","0","true","0","false","4399200910.636",,"4399200910.636","4","false","true",
"C","A","20230101","2023","52","2023","699","IND","India","M","Import","0","W00","World","0","W00","World","H6","HS","true","26","Ores, slag and ash","2","false","C00","TOTAL CPC","0","0","TOTAL MOT","-1","N/A","0","false","-1","N/A","0","false","0","true","0","false","5885803928.254",,"5885803928.254","4","false","true",
"C","A","20230101","2023","52","2023","699","IND","India","M","Import","0","W00","World","0","W00","World","H6","HS","true","28","Inorganic chemicals; organic and inorganic compounds of precious metals; of rare earth metals, of radio-active elements and of isotopes","2","false","C00","TOTAL CPC","0","0","TOTAL MOT","-1","N/A","0","false","-1","N/A","0","false","0","true","0","false","9983224311.675",,"9983224311.675","4","false","true",
"C","A","20230101","2023","52","2023","699","IND","India","M","Import","0","W00","World","0","W00","World","H6","HS","true","32","Tanning or dyeing extracts; tannins and their derivatives; dyes, pigments and other colouring matter; paints, varnishes; putty, other mastics; inks","2","false","C00","TOTAL CPC","0","0","TOTAL MOT","-1","N/A","0","false","-1","N/A","0","false","0","true","0","false","3601260346.976",,"3601260346.976","4","false","true",
"C","A","20230101","2023","52","2023","699","IND","India","M","Import","0","W00","World","0","W00","World","H6","HS","true","40","Rubber and articles thereof","2","false","C00","TOTAL CPC","0","0","TOTAL MOT","-1","N/A","0","false","-1","N/A","0","false","0","true","0","false","3835762080.901",,"3835762080.901","4","false","true",
"C","A","20230101","2023","52","2023","699","IND","India","M","Import","0","W00","World","0","W00","World","H6","HS","true","43","Furskins and artificial fur; manufactures thereof","2","false","C00","TOTAL CPC","0","0","TOTAL MOT","-1","N/A","0","false","-1","N/A","0","false","0","true","0","false","6374688.358",,"6374688.358","4","false","true",
"C","A","20230101","2023","52","2023","699","IND","India","M","Import","0","W00","World","0","W00","World","H6","HS","true","46","Manufactures of straw, esparto or other plaiting materials; basketware and wickerwork","2","false","C00","TOTAL CPC","0","0","TOTAL MOT","-1","N/A","0","false","-1","N/A","0","false","0","true","0","false","8234718.161",,"8234718.161","4","false","true",
"C","A","20230101","2023","52","2023","699","IND","India","M","Import","0","W00","World","0","W00","World","H6","HS","true","48","Paper and paperboard; articles of paper pulp, of paper or paperboard","2","false","C00","TOTAL CPC","0","0","TOTAL MOT","-1","N/A","0","false","-1","N/A","0","false","0","true","0","false","3113332364.973",,"3113332364.973","4","false","true",
"C","A","20230101","2023","52","2023","699","IND","India","M","Import","0","W00","World","0","W00","World","H6","HS","true","49","Printed books, newspapers, pictures and other products of the printing industry; manuscripts, typescripts and plans","2","false","C00","TOTAL CPC","0","0","TOTAL MOT","-1","N/A","0","false","-1","N/A","0","false","0","true","0","false","316997030.707",,"316997030.707","4","false","true",
"C","A","20230101","2023","52","2023","699","IND","India","M","Import","0","W00","World","0","W00","World","H6","HS","true","51","Wool, fine or coarse animal hair; horsehair yarn and woven fabric","2","false","C00","TOTAL CPC","0","0","TOTAL MOT","-1","N/A","0","false","-1","N/A","0","false","0","true","0","false","318740940.921",,"318740940.921","4","false","true",
"C","A","20230101","2023","52","2023","699","IND","India","M","Import","0","W00","World","0","W00","World","H6","HS","true","59","Textile fabrics; impregnated, coated, covered or laminated; textile articles of a kind suitable for industrial use","2","false","C00","TOTAL CPC","0","0","TOTAL MOT","-1","N/A","0","false","-1","N/A","0","false","0","true","0","false","778723312.674",,"778723312.674","4","false","true",
"C","A","20230101","2023","52","2023","699","IND","India","M","Import","0","W00","World","0","W00","World","H6","HS","true","60","Fabrics; knitted or crocheted","2","false","C00","TOTAL CPC","0","0","TOTAL MOT","-1","N/A","0","false","-1","N/A","0","false","0","true","0","false","711427904.151",,"711427904.151","4","false","true",
"C","A","20230101","2023","52","2023","699","IND","India","M","Import","0","W00","World","0","W00","World","H6","HS","true","65","Headgear and parts thereof","2","false","C00","TOTAL CPC","0","0","TOTAL MOT","-1","N/A","0","false","-1","N/A","0","false","0","true","0","false","46174256.866",,"46174256.866","4","false","true",
"C","A","20230101","2023","52","2023","699","IND","India","M","Import","0","W00","World","0","W00","World","H6","HS","true","66","Umbrellas, sun umbrellas, walking-sticks, seat sticks, whips, riding crops; and parts thereof","2","false","C00","TOTAL CPC","0","0","TOTAL MOT","-1","N/A","0","false","-1","N/A","0","false","0","true","0","false","45736752.911",,"45736752.911","4","false","true",
"C","A","20230101","2023","52","2023","699","IND","India","M","Import","0","W00","World","0","W00","World","H6","HS","true","68","Stone, plaster, cement, asbestos, mica or similar materials; articles thereof","2","false","C00","TOTAL CPC","0","0","TOTAL MOT","-1","N/A","0","false","-1","N/A","0","false","0","true","0","false","1036960754.532",,"1036960754.532","4","false","true",
"C","A","20230101","2023","52","2023","699","IND","India","M","Import","0","W00","World","0","W00","World","H6","HS","true","71","Natural, cultured pearls; precious, semi-precious stones; precious metals, metals clad with precious metal, and articles thereof; imitation jewellery; coin","2","false","C00","TOTAL CPC","0","0","TOTAL MOT","-1","N/A","0","false","-1","N/A","0","false","0","true","0","false","72656576999.601",,"72656576999.601","4","false","true",
"C","A","20230101","2023","52","2023","699","IND","India","M","Import","0","W00","World","0","W00","World","H6","HS","true","72","Iron and steel","2","false","C00","TOTAL CPC","0","0","TOTAL MOT","-1","N/A","0","false","-1","N/A","0","false","0","true","0","false","18915292622.99",,"18915292622.99","4","false","true",
"C","A","20230101","2023","52","2023","699","IND","India","M","Import","0","W00","World","0","W00","World","H6","HS","true","75","Nickel and articles thereof","2","false","C00","TOTAL CPC","0","0","TOTAL MOT","-1","N/A","0","false","-1","N/A","0","false","0","true","0","false","1384085562.674",,"1384085562.674","4","false","true",
"C","A","20230101","2023","52","2023","699","IND","India","M","Import","0","W00","World","0","W00","World","H6","HS","true","80","Tin; articles thereof","2","false","C00","TOTAL CPC","0","0","TOTAL MOT","-1","N/A","0","false","-1","N/A","0","false","0","true","0","false","344527255.668",,"344527255.668","4","false","true",
"C","A","20230101","2023","52","2023","699","IND","India","M","Import","0","W00","World","0","W00","World","H6","HS","true","04","Dairy produce; birds' eggs; natural honey; edible products of animal origin, not elsewhere specified or included","2","false","C00","TOTAL CPC","0","0","TOTAL MOT","-1","N/A","0","false","-1","N/A","0","false","0","true","0","false","60931846.398",,"60931846.398","4","false","true",
"C","A","20230101","2023","52","2023","699","IND","India","M","Import","0","W00","World","0","W00","World","H6","HS","true","07","Vegetables and certain roots and tubers; edible","2","false","C00","TOTAL CPC","0","0","TOTAL MOT","-1","N/A","0","false","-1","N/A","0","false","0","true","0","false","3146295058.696",,"3146295058.696","4","false","true",
"C","A","20230101","2023","52","2023","699","IND","India","M","Import","0","W00","World","0","W00","World","H6","HS","true","21","Miscellaneous edible preparations","2","false","C00","TOTAL CPC","0","0","TOTAL MOT","-1","N/A","0","false","-1","N/A","0","false","0","true","0","false","190980035.195",,"190980035.195","4","false","true",
"C","A","20230101","2023","52","2023","699","IND","India","M","Import","0","W00","World","0","W00","World","H6","HS","true","24","Tobacco and manufactured tobacco substitutes; products, whether or not containing nicotine, intended for inhalation without combustion; other nicotine containing products intended for the intake of nicotine into the human body","2","false","C00","TOTAL CPC","0","0","TOTAL MOT","-1","N/A","0","false","-1","N/A","0","false","0","true","0","false","75651259.071",,"75651259.071","4","false","true",
"C","A","20230101","2023","52","2023","699","IND","India","M","Import","0","W00","World","0","W00","World","H6","HS","true","47","Pulp of wood or other fibrous cellulosic material; recovered (waste and scrap) paper or paperboard","2","false","C00","TOTAL CPC","0","0","TOTAL MOT","-1","N/A","0","false","-1","N/A","0","false","0","true","0","false","3362380930.817",,"3362380930.817","4","false","true",
"C","A","20230101","2023","52","2023","699","IND","India","M","Import","0","W00","World","0","W00","World","H6","HS","true","64","Footwear; gaiters and the like; parts of such articles","2","false","C00","TOTAL CPC","0","0","TOTAL MOT","-1","N/A","0","false","-1","N/A","0","false","0","true","0","false","862055495.239",,"862055495.239","4","false","true",
"C","A","20230101","2023","52","2023","699","IND","India","M","Import","0","W00","World","0","W00","World","H6","HS","true","67","Feathers and down, prepared; and articles made of feather or of down; artificial flowers; articles of human hair","2","false","C00","TOTAL CPC","0","0","TOTAL MOT","-1","N/A","0","false","-1","N/A","0","false","0","true","0","false","44823223.911",,"44823223.911","4","false","true",
"C","A","20230101","2023","52","2023","699","IND","India","M","Import","0","W00","World","0","W00","World","H6","HS","true","10","Cereals","2","false","C00","TOTAL CPC","0","0","TOTAL MOT","-1","N/A","0","false","-1","N/A","0","false","0","true","0","false","141134024.648",,"141134024.648","4","false","true",
"C","A","20230101","2023","52","2023","699","IND","India","M","Import","0","W00","World","0","W00","World","H6","HS","true","13","Lac; gums, resins and other vegetable saps and extracts","2","false","C00","TOTAL CPC","0","0","TOTAL MOT","-1","N/A","0","false","-1","N/A","0","false","0","true","0","false","406708258.454",,"406708258.454","4","false","true",
"C","A","20230101","2023","52","2023","699","IND","India","M","Import","0","W00","World","0","W00","World","H6","HS","true","30","Pharmaceutical products","2","false","C00","TOTAL CPC","0","0","TOTAL MOT","-1","N/A","0","false","-1","N/A","0","false","0","true","0","false","2602354853.94",,"2602354853.94","4","false","true",
"C","A","20230101","2023","52","2023","699","IND","India","M","Import","0","W00","World","0","W00","World","H6","HS","true","33","Essential oils and resinoids; perfumery, cosmetic or toilet preparations","2","false","C00","TOTAL CPC","0","0","TOTAL MOT","-1","N/A","0","false","-1","N/A","0","false","0","true","0","false","2166477233.854",,"2166477233.854","4","false","true",
"C","A","20230101","2023","52","2023","699","IND","India","M","Import","0","W00","World","0","W00","World","H6","HS","true","36","Explosives; pyrotechnic products; matches; pyrophoric alloys; certain combustible preparations","2","false","C00","TOTAL CPC","0","0","TOTAL MOT","-1","N/A","0","false","-1","N/A","0","false","0","true","0","false","24112814.935",,"24112814.935","4","false","true",
"C","A","20230101","2023","52","2023","699","IND","India","M","Import","0","W00","World","0","W00","World","H6","HS","true","56","Wadding, felt and nonwovens, special yarns; twine, cordage, ropes and cables and articles thereof","2","false","C00","TOTAL CPC","0","0","TOTAL MOT","-1","N/A","0","false","-1","N/A","0","false","0","true","0","false","417854672.707",,"417854672.707","4","false","true",
"C","A","20230101","2023","52","2023","699","IND","India","M","Import","0","W00","World","0","W00","World","H6","HS","true","73","Iron or steel articles","2","false","C00","TOTAL CPC","0","0","TOTAL MOT","-1","N/A","0","false","-1","N/A","0","false","0","true","0","false","5026864607.39",,"5026864607.39","4","false","true",
"C","A","20230101","2023","52","2023","699","IND","India","M","Import","0","W00","World","0","W00","World","H6","HS","true","11","Products of the milling industry; malt, starches, inulin, wheat gluten","2","false","C00","TOTAL CPC","0","0","TOTAL MOT","-1","N/A","0","false","-1","N/A","0","false","0","true","0","false","91651447.238",,"91651447.238","4","false","true",
"C","A","20230101","2023","52","2023","699","IND","India","M","Import","0","W00","World","0","W00","World","H6","HS","true","14","Vegetable plaiting materials; vegetable products not elsewhere specified or included","2","false","C00","TOTAL CPC","0","0","TOTAL MOT","-1","N/A","0","false","-1","N/A","0","false","0","true","0","false","106029904.562",,"106029904.562","4","false","true",
"C","A","20230101","2023","52","2023","699","IND","India","M","Import","0","W00","World","0","W00","World","H6","HS","true","17","Sugars and sugar confectionery","2","false","C00","TOTAL CPC","0","0","TOTAL MOT","-1","N/A","0","false","-1","N/A","0","false","0","true","0","false","1548538131.524",,"1548538131.524","4","false","true",
"C","A","20230101","2023","52","2023","699","IND","India","M","Import","0","W00","World","0","W00","World","H6","HS","true","34","Soap, organic surface-active agents; washing, lubricating, polishing or scouring preparations; artificial or prepared waxes, candles and similar articles, modelling pastes, dental waxes and dental preparations with a basis of plaster","2","false","C00","TOTAL CPC","0","0","TOTAL MOT","-1","N/A","0","false","-1","N/A","0","false","0","true","0","false","1240175472.389",,"1240175472.389","4","false","true",
"C","A","20230101","2023","52","2023","699","IND","India","M","Import","0","W00","World","0","W00","World","H6","HS","true","74","Copper and articles thereof","2","false","C00","TOTAL CPC","0","0","TOTAL MOT","-1","N/A","0","false","-1","N/A","0","false","0","true","0","false","9073567919.849",,"9073567919.849","4","false","true",
"C","A","20230101","2023","52","2023","699","IND","India","M","Import","0","W00","World","0","W00","World","H6","HS","true","78","Lead and articles thereof","2","false","C00","TOTAL CPC","0","0","TOTAL MOT","-1","N/A","0","false","-1","N/A","0","false","0","true","0","false","991347623.128",,"991347623.128","4","false","true",
"C","A","20230101","2023","52","2023","699","IND","India","M","Import","0","W00","World","0","W00","World","H6","HS","true","81","Metals; n.e.c., cermets and articles thereof","2","false","C00","TOTAL CPC","0","0","TOTAL MOT","-1","N/A","0","false","-1","N/A","0","false","0","true","0","false","666549316.653",,"666549316.653","4","false","true",
"C","A","20230101","2023","52","2023","699","IND","India","M","Import","0","W00","World","0","W00","World","H6","HS","true","15","Animal, vegetable or microbial fats and oils and their cleavage products; prepared edible fats; animal or vegetable waxes","2","false","C00","TOTAL CPC","0","0","TOTAL MOT","-1","N/A","0","false","-1","N/A","0","false","0","true","0","false","16551036115.309",,"16551036115.309","4","false","true",
"C","A","20230101","2023","52","2023","699","IND","India","M","Import","0","W00","World","0","W00","World","H6","HS","true","18","Cocoa and cocoa preparations","2","false","C00","TOTAL CPC","0","0","TOTAL MOT","-1","N/A","0","false","-1","N/A","0","false","0","true","0","false","438241126.599",,"438241126.599","4","false","true",
"C","A","20230101","2023","52","2023","699","IND","India","M","Import","0","W00","World","0","W00","World","H6","HS","true","35","Albuminoidal substances; modified starches; glues; enzymes","2","false","C00","TOTAL CPC","0","0","TOTAL MOT","-1","N/A","0","false","-1","N/A","0","false","0","true","0","false","852060858.209",,"852060858.209","4","false","true",
"C","A","20230101","2023","52","2023","699","IND","India","M","Import","0","W00","World","0","W00","World","H6","HS","true","41","Raw hides and skins (other than furskins) and leather","2","false","C00","TOTAL CPC","0","0","TOTAL MOT","-1","N/A","0","false","-1","N/A","0","false","0","true","0","false","400648136.686",,"400648136.686","4","false","true",
"C","A","20230101","2023","52","2023","699","IND","India","M","Import","0","W00","World","0","W00","World","H6","HS","true","02","Meat and edible meat offal","2","false","C00","TOTAL CPC","0","0","TOTAL MOT","-1","N/A","0","false","-1","N/A","0","false","0","false","0","false","6832216.729",,"6832216.729","0","false","true",
"C","A","20230101","2023","52","2023","699","IND","India","M","Import","0","W00","World","0","W00","World","H6","HS","true","08","Fruit and nuts, edible; peel of citrus fruit or melons","2","false","C00","TOTAL CPC","0","0","TOTAL MOT","-1","N/A","0","false","-1","N/A","0","false","0","false","0","false","4039949060.554",,"4039949060.554","0","false","true",
"C","A","20230101","2023","52","2023","699","IND","India","M","Import","0","W00","World","0","W00","World","H6","HS","true","16","Meat, fish, crustaceans, molluscs or other aquatic invertebrates, or insects; preparations thereof","2","false","C00","TOTAL CPC","0","0","TOTAL MOT","-1","N/A","0","false","-1","N/A","0","false","0","false","0","false","8807002.858",,"8807002.858","0","false","true",
"C","A","20230101","2023","52","2023","699","IND","India","M","Import","0","W00","World","0","W00","World","H6","HS","true","99","Commodities not specified according to kind","2","false","C00","TOTAL CPC","0","0","TOTAL MOT","-1","N/A","0","false","-1","N/A","0","false","0","false","0","false","1785668524.372",,"1785668524.372","0","false","true",
"C","A","20230101","2023","52","2023","699","IND","India","M","Import","0","W00","World","0","W00","World","H6","HS","true","22","Beverages, spirits and vinegar","2","false","C00","TOTAL CPC","0","0","TOTAL MOT","-1","N/A","0","false","-1","N/A","0","false",,"false","0","false","1479558496.127",,"1479558496.127","0","false","true",
"C","A","20230101","2023","52","2023","699","IND","India","M","Import","0","W00","World","0","W00","World","H6","HS","true","29","Organic chemicals","2","false","C00","TOTAL CPC","0","0","TOTAL MOT","-1","N/A","0","false","-1","N/A","0","false",,"false","0","false","27258533212.922",,"27258533212.922","0","false","true",
"C","A","20230101","2023","52","2023","699","IND","India","M","Import","0","W00","World","0","W00","World","H6","HS","true","39","Plastics and articles thereof","2","false","C00","TOTAL CPC","0","0","TOTAL MOT","-1","N/A","0","false","-1","N/A","0","false",,"false","0","false","22585099745.432",,"22585099745.432","0","false","true",
"C","A","20230101","2023","52","2023","699","IND","India","M","Import","0","W00","World","0","W00","World","H6","HS","true","42","Articles of leather; saddlery and harness; travel goods, handbags and similar containers; articles of animal gut (other than silk-worm gut)","2","false","C00","TOTAL CPC","0","0","TOTAL MOT","-1","N/A","0","false","-1","N/A","0","false",,"false","0","false","508445185.476",,"508445185.476","0","false","true",
"C","A","20230101","2023","52","2023","699","IND","India","M","Import","0","W00","World","0","W00","World","H6","HS","true","45","Cork and articles of cork","2","false","C00","TOTAL CPC","0","0","TOTAL MOT","-1","N/A","0","false","-1","N/A","0","false",,"false","0","false","10699968.713",,"10699968.713","0","false","true",
"C","A","20230101","2023","52","2023","699","IND","India","M","Import","0","W00","World","0","W00","World","H6","HS","true","52","Cotton","2","false","C00","TOTAL CPC","0","0","TOTAL MOT","-1","N/A","0","false","-1","N/A","0","false",,"false","0","false","811994236.431",,"811994236.431","0","false","true",
"C","A","20230101","2023","52","2023","699","IND","India","M","Import","0","W00","World","0","W00","World","H6","HS","true","62","Apparel and clothing accessories; not knitted or crocheted","2","false","C00","TOTAL CPC","0","0","TOTAL MOT","-1","N/A","0","false","-1","N/A","0","false",,"false","0","false","892460118.779",,"892460118.779","0","false","true",
"C","A","20230101","2023","52","2023","699","IND","India","M","Import","0","W00","World","0","W00","World","H6","HS","true","63","Textiles, made up articles; sets; worn clothing and worn textile articles; rags","2","false","C00","TOTAL CPC","0","0","TOTAL MOT","-1","N/A","0","false","-1","N/A","0","false",,"false","0","false","648181098.082",,"648181098.082","0","false","true",
"C","A","20230101","2023","52","2023","699","IND","India","M","Import","0","W00","World","0","W00","World","H6","HS","true","69","Ceramic products","2","false","C00","TOTAL CPC","0","0","TOTAL MOT","-1","N/A","0","false","-1","N/A","0","false",,"false","0","false","941548445.194",,"941548445.194","0","false","true",
"C","A","20230101","2023","52","2023","699","IND","India","M","Import","0","W00","World","0","W00","World","H6","HS","true","83","Metal; miscellaneous products of base metal","2","false","C00","TOTAL CPC","0","0","TOTAL MOT","-1","N/A","0","false","-1","N/A","0","false",,"false","0","false","1224773521.544",,"1224773521.544","0","false","true",
"C","A","20230101","2023","52","2023","699","IND","India","M","Import","0","W00","World","0","W00","World","H6","HS","true","84","Machinery and mechanical appliances, boilers, nuclear reactors; parts thereof","2","false","C00","TOTAL CPC","0","0","TOTAL MOT","-1","N/A","0","false","-1","N/A","0","false",,"false","0","false","57057198392.193",,"57057198392.193","0","false","true",
"C","A","20230101","2023","52","2023","699","IND","India","M","Import","0","W00","World","0","W00","World","H6","HS","true","86","Railway, tramway locomotives, rolling-stock and parts thereof; railway or tramway track fixtures and fittings and parts thereof; mechanical (including electro-mechanical) traffic signalling equipment of all kinds","2","false","C00","TOTAL CPC","0","0","TOTAL MOT","-1","N/A","0","false","-1","N/A","0","false",,"false","0","false","780374809.631",,"780374809.631","0","false","true",
"C","A","20230101","2023","52","2023","699","IND","India","M","Import","0","W00","World","0","W00","World","H6","HS","true","87","Vehicles; other than railway or tramway rolling stock, and parts and accessories thereof","2","false","C00","TOTAL CPC","0","0","TOTAL MOT","-1","N/A","0","false","-1","N/A","0","false",,"false","0","false","7682231464.385",,"7682231464.385","0","false","true",
"C","A","20230101","2023","52","2023","699","IND","India","M","Import","0","W00","World","0","W00","World","H6","HS","true","89","Ships, boats and floating structures","2","false","C00","TOTAL CPC","0","0","TOTAL MOT","-1","N/A","0","false","-1","N/A","0","false",,"false","0","false","3671130296.427",,"3671130296.427","0","false","true",
"C","A","20230101","2023","52","2023","699","IND","India","M","Import","0","W00","World","0","W00","World","H6","HS","true","90","Optical, photographic, cinematographic, measuring, checking, medical or surgical instruments and apparatus; parts and accessories","2","false","C00","TOTAL CPC","0","0","TOTAL MOT","-1","N/A","0","false","-1","N/A","0","false",,"false","0","false","12624509117.068",,"12624509117.068","0","false","true",
"C","A","20230101","2023","52","2023","699","IND","India","M","Import","0","W00","World","0","W00","World","H6","HS","true","92","Musical instruments; parts and accessories of such articles","2","false","C00","TOTAL CPC","0","0","TOTAL MOT","-1","N/A","0","false","-1","N/A","0","false",,"false","0","false","70336433.935",,"70336433.935","0","false","true",
"C","A","20230101","2023","52","2023","699","IND","India","M","Import","0","W00","World","0","W00","World","H6","HS","true","93","Arms and ammunition; parts and accessories thereof","2","false","C00","TOTAL CPC","0","0","TOTAL MOT","-1","N/A","0","false","-1","N/A","0","false",,"false","0","false","167756945.834",,"167756945.834","0","false","true",
"C","A","20230101","2023","52","2023","699","IND","India","M","Import","0","W00","World","0","W00","World","H6","HS","true","96","Miscellaneous manufactured articles","2","false","C00","TOTAL CPC","0","0","TOTAL MOT","-1","N/A","0","false","-1","N/A","0","false",,"false","0","false","751015113.563",,"751015113.563","0","false","true",
"C","A","20230101","2023","52","2023","699","IND","India","M","Import","0","W00","World","0","W00","World","H6","HS","true","01","Animals; live","2","false","C00","TOTAL CPC","0","0","TOTAL MOT","-1","N/A","0","false","-1","N/A","0","false",,"false","0","false","14689539.647",,"14689539.647","0","false","true",
"C","A","20230101","2023","52","2023","699","IND","India","M","Import","0","W00","World","0","W00","World","H6","HS","true","27","Mineral fuels, mineral oils and products of their distillation; bituminous substances; mineral waxes","2","false","C00","TOTAL CPC","0","0","TOTAL MOT","-1","N/A","0","false","-1","N/A","0","false",,"false","0","false","220593798333.951",,"220593798333.951","0","false","true",
"C","A","20230101","2023","52","2023","699","IND","India","M","Import","0","W00","World","0","W00","World","H6","HS","true","44","Wood and articles of wood; wood charcoal","2","false","C00","TOTAL CPC","0","0","TOTAL MOT","-1","N/A","0","false","-1","N/A","0","false",,"false","0","false","2283259597.397",,"2283259597.397","0","false","true",
"C","A","20230101","2023","52","2023","699","IND","India","M","Import","0","W00","World","0","W00","World","H6","HS","true","85","Electrical machinery and equipment and parts thereof; sound recorders and reproducers; television image and sound recorders and reproducers, parts and accessories of such articles","2","false","C00","TOTAL CPC","0","0","TOTAL MOT","-1","N/A","0","false","-1","N/A","0","false",,"false","0","false","76063435331.401",,"76063435331.401","0","false","true",
"C","A","20230101","2023","52","2023","699","IND","India","M","Import","0","W00","World","0","W00","World","H6","HS","true","88","Aircraft, spacecraft, and parts thereof","2","false","C00","TOTAL CPC","0","0","TOTAL MOT","-1","N/A","0","false","-1","N/A","0","false",,"false","0","false","10072015771.513",,"10072015771.513","0","false","true",
"C","A","20230101","2023","52","2023","699","IND","India","M","Import","0","W00","World","0","W00","World","H6","HS","true","91","Clocks and watches and parts thereof","2","false","C00","TOTAL CPC","0","0","TOTAL MOT","-1","N/A","0","false","-1","N/A","0","false",,"false","0","false","558046839.014",,"558046839.014","0","false","true",
"C","A","20230101","2023","52","2023","699","IND","India","M","Import","0","W00","World","0","W00","World","H6","HS","true","50","Silk","2","false","C00","TOTAL CPC","0","0","TOTAL MOT","-1","N/A","0","false","-1","N/A","0","false",,"false","0","false","214105565.708",,"214105565.708","0","false","true",
"C","A","20230101","2023","52","2023","699","IND","India","M","Import","0","W00","World","0","W00","World","H6","HS","true","53","Vegetable textile fibres; paper yarn and woven fabrics of paper yarn","2","false","C00","TOTAL CPC","0","0","TOTAL MOT","-1","N/A","0","false","-1","N/A","0","false",,"false","0","false","575671596.342",,"575671596.342","0","false","true",
"C","A","20230101","2023","52","2023","699","IND","India","M","Import","0","W00","World","0","W00","World","H6","HS","true","70","Glass and glassware","2","false","C00","TOTAL CPC","0","0","TOTAL MOT","-1","N/A","0","false","-1","N/A","0","false",,"false","0","false","1800758484.164",,"1800758484.164","0","false","true",
"C","A","20230101","2023","52","2023","699","IND","India","M","Import","0","W00","World","0","W00","World","H6","HS","true","76","Aluminium and articles thereof","2","false","C00","TOTAL CPC","0","0","TOTAL MOT","-1","N/A","0","false","-1","N/A","0","false",,"false","0","false","6871790693.394",,"6871790693.394","0","false","true",
"C","A","20230101","2023","52","2023","699","IND","India","M","Import","0","W00","World","0","W00","World","H6","HS","true","94","Furniture; bedding, mattresses, mattress supports, cushions and similar stuffed furnishings; lamps and lighting fittings, n.e.c.; illuminated signs, illuminated name-plates and the like; prefabricated buildings","2","false","C00","TOTAL CPC","0","0","TOTAL MOT","-1","N/A","0","false","-1","N/A","0","false",,"false","0","false","1557661916.188",,"1557661916.188","0","false","true",
"C","A","20230101","2023","52","2023","699","IND","India","M","Import","0","W00","World","0","W00","World","H6","HS","true","97","Works of art; collectors' pieces and antiques","2","false","C00","TOTAL CPC","0","0","TOTAL MOT","-1","N/A","0","false","-1","N/A","0","false",,"false","0","false","460891342.178",,"460891342.178","0","false","true",
"C","A","20230101","2023","52","2023","699","IND","India","M","Import","0","W00","World","0","W00","World","H6","HS","true","31","Fertilizers","2","false","C00","TOTAL CPC","0","0","TOTAL MOT","-1","N/A","0","false","-1","N/A","0","false",,"false","0","false","10422927418.121",,"10422927418.121","0","false","true",
"C","A","20230101","2023","52","2023","699","IND","India","M","Import","0","W00","World","0","W00","World","H6","HS","true","37","Photographic or cinematographic goods","2","false","C00","TOTAL CPC","0","0","TOTAL MOT","-1","N/A","0","false","-1","N/A","0","false",,"false","0","false","217533114.024",,"217533114.024","0","false","true",
"C","A","20230101","2023","52","2023","699","IND","India","M","Import","0","W00","World","0","W00","World","H6","HS","true","54","Man-made filaments; strip and the like of man-made textile materials","2","false","C00","TOTAL CPC","0","0","TOTAL MOT","-1","N/A","0","false","-1","N/A","0","false",,"false","0","false","1805905223.261",,"1805905223.261","0","false","true",
"C","A","20230101","2023","52","2023","699","IND","India","M","Import","0","W00","World","0","W00","World","H6","HS","true","57","Carpets and other textile floor coverings","2","false","C00","TOTAL CPC","0","0","TOTAL MOT","-1","N/A","0","false","-1","N/A","0","false",,"false","0","false","157047413.63",,"157047413.63","0","false","true",
"C","A","20230101","2023","52","2023","699","IND","India","M","Import","0","W00","World","0","W00","World","H6","HS","true","95","Toys, games and sports requisites; parts and accessories thereof","2","false","C00","TOTAL CPC","0","0","TOTAL MOT","-1","N/A","0","false","-1","N/A","0","false",,"false","0","false","522491446.183",,"522491446.183","0","false","true",
"C","A","20230101","2023","52","2023","699","IND","India","M","Import","0","W00","World","0","W00","World","H6","HS","true","38","Chemical products n.e.c.","2","false","C00","TOTAL CPC","0","0","TOTAL MOT","-1","N/A","0","false","-1","N/A","0","false",,"false","0","false","7601438327.732",,"7601438327.732","0","false","true",
"C","A","20230101","2023","52","2023","699","IND","India","M","Import","0","W00","World","0","W00","World","H6","HS","true","55","Man-made staple fibres","2","false","C00","TOTAL CPC","0","0","TOTAL MOT","-1","N/A","0","false","-1","N/A","0","false",,"false","0","false","982177361.816",,"982177361.816","0","false","true",
"C","A","20230101","2023","52","2023","699","IND","India","M","Import","0","W00","World","0","W00","World","H6","HS","true","58","Fabrics; special woven fabrics, tufted textile fabrics, lace, tapestries, trimmings, embroidery","2","false","C00","TOTAL CPC","0","0","TOTAL MOT","-1","N/A","0","false","-1","N/A","0","false",,"false","0","false","198350948.931",,"198350948.931","0","false","true",
"C","A","20230101","2023","52","2023","699","IND","India","M","Import","0","W00","World","0","W00","World","H6","HS","true","61","Apparel and clothing accessories; knitted or crocheted","2","false","C00","TOTAL CPC","0","0","TOTAL MOT","-1","N/A","0","false","-1","N/A","0","false",,"false","0","false","672578006.092",,"672578006.092","0","false","true",
"C","A","20230101","2023","52","2023","699","IND","India","M","Import","0","W00","World","0","W00","World","H6","HS","true","79","Zinc and articles thereof","2","false","C00","TOTAL CPC","0","0","TOTAL MOT","-1","N/A","0","false","-1","N/A","0","false",,"false","0","false","850723093.01",,"850723093.01","0","false","true",
"C","A","20230101","2023","52","2023","699","IND","India","M","Import","0","W00","World","0","W00","World","H6","HS","true","82","Tools, implements, cutlery, spoons and forks, of base metal; parts thereof, of base metal","2","false","C00","TOTAL CPC","0","0","TOTAL MOT","-1","N/A","0","false","-1","N/A","0","false",,"false","0","false","1356625965.521",,"1356625965.521","0","false","true",
"C","A","20230101","2023","52","2023","699","IND","India","X","Export","0","W00","World","0","W00","World","H6","HS","true","57","Carpets and other textile floor coverings","2","false","C00","TOTAL CPC","0","0","TOTAL MOT","-1","N/A","0","false","-1","N/A","0","false",,"false","0","false",,"1811576138.731","1811576138.731","0","false","true",
"C","A","20230101","2023","52","2023","699","IND","India","X","Export","0","W00","World","0","W00","World","H6","HS","true","95","Toys, games and sports requisites; parts and accessories thereof","2","false","C00","TOTAL CPC","0","0","TOTAL MOT","-1","N/A","0","false","-1","N/A","0","false",,"false","0","false",,"501462620.022","501462620.022","0","false","true",
"C","A","20230101","2023","52","2023","699","IND","India","X","Export","0","W00","World","0","W00","World","H6","HS","true","01","Animals; live","2","false","C00","TOTAL CPC","0","0","TOTAL MOT","-1","N/A","0","false","-1","N/A","0","false",,"false","0","false",,"8754484.781","8754484.781","0","false","true",
"C","A","20230101","2023","52","2023","699","IND","India","X","Export","0","W00","World","0","W00","World","H6","HS","true","64","Footwear; gaiters and the like; parts of such articles","2","false","C00","TOTAL CPC","0","0","TOTAL MOT","-1","N/A","0","false","-1","N/A","0","false",,"false","0","false",,"2532739602.511","2532739602.511","0","false","true",
"C","A","20230101","2023","52","2023","699","IND","India","X","Export","0","W00","World","0","W00","World","H6","HS","true","85","Electrical machinery and equipment and parts thereof; sound recorders and reproducers; television image and sound recorders and reproducers, parts and accessories of such articles","2","false","C00","TOTAL CPC","0","0","TOTAL MOT","-1","N/A","0","false","-1","N/A","0","false",,"false","0","false",,"32318234645.992","32318234645.992","0","false","true",
"C","A","20230101","2023","52","2023","699","IND","India","X","Export","0","W00","World","0","W00","World","H6","HS","true","88","Aircraft, spacecraft, and parts thereof","2","false","C00","TOTAL CPC","0","0","TOTAL MOT","-1","N/A","0","false","-1","N/A","0","false",,"false","0","false",,"1937697343.833","1937697343.833","0","false","true",
"C","A","20230101","2023","52","2023","699","IND","India","X","Export","0","W00","World","0","W00","World","H6","HS","true","91","Clocks and watches and parts thereof","2","false","C00","TOTAL CPC","0","0","TOTAL MOT","-1","N/A","0","false","-1","N/A","0","false",,"false","0","false",,"91524217.287","91524217.287","0","false","true",
"C","A","20230101","2023","52","2023","699","IND","India","X","Export","0","W00","World","0","W00","World","H6","HS","true","42","Articles of leather; saddlery and harness; travel goods, handbags and similar containers; articles of animal gut (other than silk-worm gut)","2","false","C00","TOTAL CPC","0","0","TOTAL MOT","-1","N/A","0","false","-1","N/A","0","false",,"false","0","false",,"2446239257.429","2446239257.429","0","false","true",
"C","A","20230101","2023","52","2023","699","IND","India","X","Export","0","W00","World","0","W00","World","H6","HS","true","52","Cotton","2","false","C00","TOTAL CPC","0","0","TOTAL MOT","-1","N/A","0","false","-1","N/A","0","false",,"false","0","false",,"6493757256.824","6493757256.824","0","false","true",
"C","A","20230101","2023","52","2023","699","IND","India","X","Export","0","W00","World","0","W00","World","H6","HS","true","62","Apparel and clothing accessories; not knitted or crocheted","2","false","C00","TOTAL CPC","0","0","TOTAL MOT","-1","N/A","0","false","-1","N/A","0","false",,"false","0","false",,"7834803144.192","7834803144.192","0","false","true",
"C","A","20230101","2023","52","2023","699","IND","India","X","Export","0","W00","World","0","W00","World","H6","HS","true","66","Umbrellas, sun umbrellas, walking-sticks, seat sticks, whips, riding crops; and parts thereof","2","false","C00","TOTAL CPC","0","0","TOTAL MOT","-1","N/A","0","false","-1","N/A","0","false",,"false","0","false",,"4821405.459","4821405.459","0","false","true",
"C","A","20230101","2023","52","2023","699","IND","India","X","Export","0","W00","World","0","W00","World","H6","HS","true","89","Ships, boats and floating structures","2","false","C00","TOTAL CPC","0","0","TOTAL MOT","-1","N/A","0","false","-1","N/A","0","false",,"false","0","false",,"4328368978.308","4328368978.308","0","false","true",
"C","A","20230101","2023","52","2023","699","IND","India","X","Export","0","W00","World","0","W00","World","H6","HS","true","90","Optical, photographic, cinematographic, measuring, checking, medical or surgical instruments and apparatus; parts and accessories","2","false","C00","TOTAL CPC","0","0","TOTAL MOT","-1","N/A","0","false","-1","N/A","0","false",,"false","0","false",,"5052167218.177","5052167218.177","0","false","true",
"C","A","20230101","2023","52","2023","699","IND","India","X","Export","0","W00","World","0","W00","World","H6","HS","true","92","Musical instruments; parts and accessories of such articles","2","false","C00","TOTAL CPC","0","0","TOTAL MOT","-1","N/A","0","false","-1","N/A","0","false",,"false","0","false",,"45925146.366","45925146.366","0","false","true",
"C","A","20230101","2023","52","2023","699","IND","India","X","Export","0","W00","World","0","W00","World","H6","HS","true","10","Cereals","2","false","C00","TOTAL CPC","0","0","TOTAL MOT","-1","N/A","0","false","-1","N/A","0","false",,"false","0","false",,"11281621458.258","11281621458.258","0","false","true",
"C","A","20230101","2023","52","2023","699","IND","India","X","Export","0","W00","World","0","W00","World","H6","HS","true","94","Furniture; bedding, mattresses, mattress supports, cushions and similar stuffed furnishings; lamps and lighting fittings, n.e.c.; illuminated signs, illuminated name-plates and the like; prefabricated buildings","2","false","C00","TOTAL CPC","0","0","TOTAL MOT","-1","N/A","0","false","-1","N/A","0","false",,"false","0","false",,"2339817684.552","2339817684.552","0","false","true",
"C","A","20230101","2023","52","2023","699","IND","India","X","Export","0","W00","World","0","W00","World","H6","HS","true","97","Works of art; collectors' pieces and antiques","2","false","C00","TOTAL CPC","0","0","TOTAL MOT","-1","N/A","0","false","-1","N/A","0","false",,"false","0","false",,"169640668.956","169640668.956","0","false","true",
"C","A","20230101","2023","52","2023","699","IND","India","X","Export","0","W00","World","0","W00","World","H6","HS","true","93","Arms and ammunition; parts and accessories thereof","2","false","C00","TOTAL CPC","0","0","TOTAL MOT","-1","N/A","0","false","-1","N/A","0","false",,"false","0","false",,"358595128.545","358595128.545","0","false","true",
"C","A","20230101","2023","52","2023","699","IND","India","X","Export","0","W00","World","0","W00","World","H6","HS","true","96","Miscellaneous manufactured articles","2","false","C00","TOTAL CPC","0","0","TOTAL MOT","-1","N/A","0","false","-1","N/A","0","false",,"false","0","false",,"727563640.399","727563640.399","0","false","true",
"C","A","20230101","2023","52","2023","699","IND","India","X","Export","0","W00","World","0","W00","World","H6","HS","true","02","Meat and edible meat offal","2","false","C00","TOTAL CPC","0","0","TOTAL MOT","-1","N/A","0","false","-1","N/A","0","false","0","false","0","false",,"3650027514.956","3650027514.956","0","false","true",
"C","A","20230101","2023","52","2023","699","IND","India","X","Export","0","W00","World","0","W00","World","H6","HS","true","99","Commodities not specified according to kind","2","false","C00","TOTAL CPC","0","0","TOTAL MOT","-1","N/A","0","false","-1","N/A","0","false","0","false","0","false",,"25685127.845","25685127.845","0","false","true",
"C","A","20230101","2023","52","2023","699","IND","India","X","Export","0","W00","World","0","W00","World","H6","HS","true","49","Printed books, newspapers, pictures and other products of the printing industry; manuscripts, typescripts and plans","2","false","C00","TOTAL CPC","0","0","TOTAL MOT","-1","N/A","0","false","-1","N/A","0","false","0","true","0","false",,"425640306.764","425640306.764","4","false","true",
"C","A","20230101","2023","52","2023","699","IND","India","X","Export","0","W00","World","0","W00","World","H6","HS","true","40","Rubber and articles thereof","2","false","C00","TOTAL CPC","0","0","TOTAL MOT","-1","N/A","0","false","-1","N/A","0","false","0","true","0","false",,"4414807028.303","4414807028.303","4","false","true",
"C","A","20230101","2023","52","2023","699","IND","India","X","Export","0","W00","World","0","W00","World","H6","HS","true","69","Ceramic products","2","false","C00","TOTAL CPC","0","0","TOTAL MOT","-1","N/A","0","false","-1","N/A","0","false","0","true","0","false",,"3054688828.631","3054688828.631","4","false","true",
"C","A","20230101","2023","52","2023","699","IND","India","X","Export","0","W00","World","0","W00","World","H6","HS","true","11","Products of the milling industry; malt, starches, inulin, wheat gluten","2","false","C00","TOTAL CPC","0","0","TOTAL MOT","-1","N/A","0","false","-1","N/A","0","false","0","true","0","false",,"670961651.83","670961651.83","4","false","true",
"C","A","20230101","2023","52","2023","699","IND","India","X","Export","0","W00","World","0","W00","World","H6","HS","true","14","Vegetable plaiting materials; vegetable products not elsewhere specified or included","2","false","C00","TOTAL CPC","0","0","TOTAL MOT","-1","N/A","0","false","-1","N/A","0","false","0","true","0","false",,"41668477.997","41668477.997","4","false","true",
"C","A","20230101","2023","52","2023","699","IND","India","X","Export","0","W00","World","0","W00","World","H6","HS","true","17","Sugars and sugar confectionery","2","false","C00","TOTAL CPC","0","0","TOTAL MOT","-1","N/A","0","false","-1","N/A","0","false","0","true","0","false",,"4274245391.256","4274245391.256","4","false","true",
"C","A","20230101","2023","52","2023","699","IND","India","X","Export","0","W00","World","0","W00","World","H6","HS","true","31","Fertilizers","2","false","C00","TOTAL CPC","0","0","TOTAL MOT","-1","N/A","0","false","-1","N/A","0","false","0","true","0","false",,"123186400.83","123186400.83","4","false","true",
"C","A","20230101","2023","52","2023","699","IND","India","X","Export","0","W00","World","0","W00","World","H6","HS","true","34","Soap, organic surface-active agents; washing, lubricating, polishing or scouring preparations; artificial or prepared waxes, candles and similar articles, modelling pastes, dental waxes and dental preparations with a basis of plaster","2","false","C00","TOTAL CPC","0","0","TOTAL MOT","-1","N/A","0","false","-1","N/A","0","false","0","true","0","false",,"981863433.498","981863433.498","4","false","true",
"C","A","20230101","2023","52","2023","699","IND","India","X","Export","0","W00","World","0","W00","World","H6","HS","true","37","Photographic or cinematographic goods","2","false","C00","TOTAL CPC","0","0","TOTAL MOT","-1","N/A","0","false","-1","N/A","0","false","0","true","0","false",,"14612964.212","14612964.212","4","false","true",
"C","A","20230101","2023","52","2023","699","IND","India","X","Export","0","W00","World","0","W00","World","H6","HS","true","54","Man-made filaments; strip and the like of man-made textile materials","2","false","C00","TOTAL CPC","0","0","TOTAL MOT","-1","N/A","0","false","-1","N/A","0","false","0","true","0","false",,"1794284980.739","1794284980.739","4","false","true",
"C","A","20230101","2023","52","2023","699","IND","India","X","Export","0","W00","World","0","W00","World","H6","HS","true","74","Copper and articles thereof","2","false","C00","TOTAL CPC","0","0","TOTAL MOT","-1","N/A","0","false","-1","N/A","0","false","0","true","0","false",,"2265101392.719","2265101392.719","4","false","true",
"C","A","20230101","2023","52","2023","699","IND","India","X","Export","0","W00","World","0","W00","World","H6","HS","true","78","Lead and articles thereof","2","false","C00","TOTAL CPC","0","0","TOTAL MOT","-1","N/A","0","false","-1","N/A","0","false","0","true","0","false",,"719590858.973","719590858.973","4","false","true",
"C","A","20230101","2023","52","2023","699","IND","India","X","Export","0","W00","World","0","W00","World","H6","HS","true","81","Metals; n.e.c., cermets and articles thereof","2","false","C00","TOTAL CPC","0","0","TOTAL MOT","-1","N/A","0","false","-1","N/A","0","false","0","true","0","false",,"105588882.31","105588882.31","4","false","true",
"C","A","20230101","2023","52","2023","699","IND","India","X","Export","0","W00","World","0","W00","World","H6","HS","true","04","Dairy produce; birds' eggs; natural honey; edible products of animal origin, not elsewhere specified or included","2","false","C00","TOTAL CPC","0","0","TOTAL MOT","-1","N/A","0","false","-1","N/A","0","false","0","true","0","false",,"560666650.054","560666650.054","4","false","true",
"C","A","20230101","2023","52","2023","699","IND","India","X","Export","0","W00","World","0","W00","World","H6","HS","true","07","Vegetables and certain roots and tubers; edible","2","false","C00","TOTAL CPC","0","0","TOTAL MOT","-1","N/A","0","false","-1","N/A","0","false","0","true","0","false",,"2081501802.379","2081501802.379","4","false","true",
"C","A","20230101","2023","52","2023","699","IND","India","X","Export","0","W00","World","0","W00","World","H6","HS","true","21","Miscellaneous edible preparations","2","false","C00","TOTAL CPC","0","0","TOTAL MOT","-1","N/A","0","false","-1","N/A","0","false","0","true","0","false",,"1386462230.685","1386462230.685","4","false","true",
"C","A","20230101","2023","52","2023","699","IND","India","X","Export","0","W00","World","0","W00","World","H6","HS","true","24","Tobacco and manufactured tobacco substitutes; products, whether or not containing nicotine, intended for inhalation without combustion; other nicotine containing products intended for the intake of nicotine into the human body","2","false","C00","TOTAL CPC","0","0","TOTAL MOT","-1","N/A","0","false","-1","N/A","0","false","0","true","0","false",,"1343668522.902","1343668522.902","4","false","true",
"C","A","20230101","2023","52","2023","699","IND","India","X","Export","0","W00","World","0","W00","World","H6","HS","true","27","Mineral fuels, mineral oils and products of their distillation; bituminous substances; mineral waxes","2","false","C00","TOTAL CPC","0","0","TOTAL MOT","-1","N/A","0","false","-1","N/A","0","false","0","true","0","false",,"89330986218.743","89330986218.743","4","false","true",
"C","A","20230101","2023","52","2023","699","IND","India","X","Export","0","W00","World","0","W00","World","H6","HS","true","44","Wood and articles of wood; wood charcoal","2","false","C00","TOTAL CPC","0","0","TOTAL MOT","-1","N/A","0","false","-1","N/A","0","false","0","true","0","false",,"620822201.058","620822201.058","4","false","true",
"C","A","20230101","2023","52","2023","699","IND","India","X","Export","0","W00","World","0","W00","World","H6","HS","true","47","Pulp of wood or other fibrous cellulosic material; recovered (waste and scrap) paper or paperboard","2","false","C00","TOTAL CPC","0","0","TOTAL MOT","-1","N/A","0","false","-1","N/A","0","false","0","true","0","false",,"8916848.396","8916848.396","4","false","true",
"C","A","20230101","2023","52","2023","699","IND","India","X","Export","0","W00","World","0","W00","World","H6","HS","true","67","Feathers and down, prepared; and articles made of feather or of down; artificial flowers; articles of human hair","2","false","C00","TOTAL CPC","0","0","TOTAL MOT","-1","N/A","0","false","-1","N/A","0","false","0","true","0","false",,"565507603.761","565507603.761","4","false","true",
"C","A","20230101","2023","52","2023","699","IND","India","X","Export","0","W00","World","0","W00","World","H6","HS","true","03","Fish and crustaceans, molluscs and other aquatic invertebrates","2","false","C00","TOTAL CPC","0","0","TOTAL MOT","-1","N/A","0","false","-1","N/A","0","false","0","true","0","false",,"6305252994.34","6305252994.34","4","false","true",
"C","A","20230101","2023","52","2023","699","IND","India","X","Export","0","W00","World","0","W00","World","H6","HS","true","05","Animal originated products; not elsewhere specified or included","2","false","C00","TOTAL CPC","0","0","TOTAL MOT","-1","N/A","0","false","-1","N/A","0","false","0","true","0","false",,"271205048.36","271205048.36","4","false","true",
"C","A","20230101","2023","52","2023","699","IND","India","X","Export","0","W00","World","0","W00","World","H6","HS","true","06","Trees and other plants, live; bulbs, roots and the like; cut flowers and ornamental foliage","2","false","C00","TOTAL CPC","0","0","TOTAL MOT","-1","N/A","0","false","-1","N/A","0","false","0","true","0","false",,"84739858.231","84739858.231","4","false","true",
"C","A","20230101","2023","52","2023","699","IND","India","X","Export","0","W00","World","0","W00","World","H6","HS","true","08","Fruit and nuts, edible; peel of citrus fruit or melons","2","false","C00","TOTAL CPC","0","0","TOTAL MOT","-1","N/A","0","false","-1","N/A","0","false","0","true","0","false",,"1506365338.777","1506365338.777","4","false","true",
"C","A","20230101","2023","52","2023","699","IND","India","X","Export","0","W00","World","0","W00","World","H6","HS","true","09","Coffee, tea, mate and spices","2","false","C00","TOTAL CPC","0","0","TOTAL MOT","-1","N/A","0","false","-1","N/A","0","false","0","true","0","false",,"4351846571.553","4351846571.553","4","false","true",
"C","A","20230101","2023","52","2023","699","IND","India","X","Export","0","W00","World","0","W00","World","H6","HS","true","12","Oil seeds and oleaginous fruits; miscellaneous grains, seeds and fruit, industrial or medicinal plants; straw and fodder","2","false","C00","TOTAL CPC","0","0","TOTAL MOT","-1","N/A","0","false","-1","N/A","0","false","0","true","0","false",,"2103198597.555","2103198597.555","4","false","true",
"C","A","20230101","2023","52","2023","699","IND","India","X","Export","0","W00","World","0","W00","World","H6","HS","true","16","Meat, fish, crustaceans, molluscs or other aquatic invertebrates, or insects; preparations thereof","2","false","C00","TOTAL CPC","0","0","TOTAL MOT","-1","N/A","0","false","-1","N/A","0","false","0","true","0","false",,"718915624.309","718915624.309","4","false","true",
"C","A","20230101","2023","52","2023","699","IND","India","X","Export","0","W00","World","0","W00","World","H6","HS","true","19","Preparations of cereals, flour, starch or milk; pastrycooks' products","2","false","C00","TOTAL CPC","0","0","TOTAL MOT","-1","N/A","0","false","-1","N/A","0","false","0","true","0","false",,"794473820.022","794473820.022","4","false","true",
"C","A","20230101","2023","52","2023","699","IND","India","X","Export","0","W00","World","0","W00","World","H6","HS","true","20","Preparations of vegetables, fruit, nuts or other parts of plants","2","false","C00","TOTAL CPC","0","0","TOTAL MOT","-1","N/A","0","false","-1","N/A","0","false","0","true","0","false",,"1096869859.713","1096869859.713","4","false","true",
"C","A","20230101","2023","52","2023","699","IND","India","X","Export","0","W00","World","0","W00","World","H6","HS","true","22","Beverages, spirits and vinegar","2","false","C00","TOTAL CPC","0","0","TOTAL MOT","-1","N/A","0","false","-1","N/A","0","false","0","true","0","false",,"431495732.891","431495732.891","4","false","true",
"C","A","20230101","2023","52","2023","699","IND","India","X","Export","0","W00","World","0","W00","World","H6","HS","true","23","Food industries, residues and wastes thereof; prepared animal fodder","2","false","C00","TOTAL CPC","0","0","TOTAL MOT","-1","N/A","0","false","-1","N/A","0","false","0","true","0","false",,"3008926075.359","3008926075.359","4","false","true",
"C","A","20230101","2023","52","2023","699","IND","India","X","Export","0","W00","World","0","W00","World","H6","HS","true","25","Salt; sulphur; earths, stone; plastering materials, lime and cement","2","false","C00","TOTAL CPC","0","0","TOTAL MOT","-1","N/A","0","false","-1","N/A","0","false","0","true","0","false",,"2226445175.993","2226445175.993","4","false","true",
"C","A","20230101","2023","52","2023","699","IND","India","X","Export","0","W00","World","0","W00","World","H6","HS","true","26","Ores, slag and ash","2","false","C00","TOTAL CPC","0","0","TOTAL MOT","-1","N/A","0","false","-1","N/A","0","false","0","true","0","false",,"3984330405.922","3984330405.922","4","false","true",
"C","A","20230101","2023","52","2023","699","IND","India","X","Export","0","W00","World","0","W00","World","H6","HS","true","28","Inorganic chemicals; organic and inorganic compounds of precious metals; of rare earth metals, of radio-active elements and of isotopes","2","false","C00","TOTAL CPC","0","0","TOTAL MOT","-1","N/A","0","false","-1","N/A","0","false","0","true","0","false",,"3244821215.306","3244821215.306","4","false","true",
"C","A","20230101","2023","52","2023","699","IND","India","X","Export","0","W00","World","0","W00","World","H6","HS","true","29","Organic chemicals","2","false","C00","TOTAL CPC","0","0","TOTAL MOT","-1","N/A","0","false","-1","N/A","0","false","0","true","0","false",,"19475068339.53","19475068339.53","4","false","true",
"C","A","20230101","2023","52","2023","699","IND","India","X","Export","0","W00","World","0","W00","World","H6","HS","true","32","Tanning or dyeing extracts; tannins and their derivatives; dyes, pigments and other colouring matter; paints, varnishes; putty, other mastics; inks","2","false","C00","TOTAL CPC","0","0","TOTAL MOT","-1","N/A","0","false","-1","N/A","0","false","0","true","0","false",,"3004685944.269","3004685944.269","4","false","true",
"C","A","20230101","2023","52","2023","699","IND","India","X","Export","0","W00","World","0","W00","World","H6","HS","true","39","Plastics and articles thereof","2","false","C00","TOTAL CPC","0","0","TOTAL MOT","-1","N/A","0","false","-1","N/A","0","false","0","true","0","false",,"7118239901.955","7118239901.955","4","false","true",
"C","A","20230101","2023","52","2023","699","IND","India","X","Export","0","W00","World","0","W00","World","H6","HS","true","43","Furskins and artificial fur; manufactures thereof","2","false","C00","TOTAL CPC","0","0","TOTAL MOT","-1","N/A","0","false","-1","N/A","0","false","0","true","0","false",,"12751280.386","12751280.386","4","false","true",
"C","A","20230101","2023","52","2023","699","IND","India","X","Export","0","W00","World","0","W00","World","H6","HS","true","45","Cork and articles of cork","2","false","C00","TOTAL CPC","0","0","TOTAL MOT","-1","N/A","0","false","-1","N/A","0","false","0","true","0","false",,"5143441.898","5143441.898","4","false","true",
"C","A","20230101","2023","52","2023","699","IND","India","X","Export","0","W00","World","0","W00","World","H6","HS","true","46","Manufactures of straw, esparto or other plaiting materials; basketware and wickerwork","2","false","C00","TOTAL CPC","0","0","TOTAL MOT","-1","N/A","0","false","-1","N/A","0","false","0","true","0","false",,"65037164.711","65037164.711","4","false","true",
"C","A","20230101","2023","52","2023","699","IND","India","X","Export","0","W00","World","0","W00","World","H6","HS","true","48","Paper and paperboard; articles of paper pulp, of paper or paperboard","2","false","C00","TOTAL CPC","0","0","TOTAL MOT","-1","N/A","0","false","-1","N/A","0","false","0","true","0","false",,"2647845034.335","2647845034.335","4","false","true",
"C","A","20230101","2023","52","2023","699","IND","India","X","Export","0","W00","World","0","W00","World","H6","HS","true","51","Wool, fine or coarse animal hair; horsehair yarn and woven fabric","2","false","C00","TOTAL CPC","0","0","TOTAL MOT","-1","N/A","0","false","-1","N/A","0","false","0","true","0","false",,"172573631.363","172573631.363","4","false","true",
"C","A","20230101","2023","52","2023","699","IND","India","X","Export","0","W00","World","0","W00","World","H6","HS","true","59","Textile fabrics; impregnated, coated, covered or laminated; textile articles of a kind suitable for industrial use","2","false","C00","TOTAL CPC","0","0","TOTAL MOT","-1","N/A","0","false","-1","N/A","0","false","0","true","0","false",,"463700146.872","463700146.872","4","false","true",
"C","A","20230101","2023","52","2023","699","IND","India","X","Export","0","W00","World","0","W00","World","H6","HS","true","60","Fabrics; knitted or crocheted","2","false","C00","TOTAL CPC","0","0","TOTAL MOT","-1","N/A","0","false","-1","N/A","0","false","0","true","0","false",,"459091360.675","459091360.675","4","false","true",
"C","A","20230101","2023","52","2023","699","IND","India","X","Export","0","W00","World","0","W00","World","H6","HS","true","65","Headgear and parts thereof","2","false","C00","TOTAL CPC","0","0","TOTAL MOT","-1","N/A","0","false","-1","N/A","0","false","0","true","0","false",,"97938085.895","97938085.895","4","false","true",
"C","A","20230101","2023","52","2023","699","IND","India","X","Export","0","W00","World","0","W00","World","H6","HS","true","68","Stone, plaster, cement, asbestos, mica or similar materials; articles thereof","2","false","C00","TOTAL CPC","0","0","TOTAL MOT","-1","N/A","0","false","-1","N/A","0","false","0","true","0","false",,"2052934424.343","2052934424.343","4","false","true",
"C","A","20230101","2023","52","2023","699","IND","India","X","Export","0","W00","World","0","W00","World","H6","HS","true","71","Natural, cultured pearls; precious, semi-precious stones; precious metals, metals clad with precious metal, and articles thereof; imitation jewellery; coin","2","false","C00","TOTAL CPC","0","0","TOTAL MOT","-1","N/A","0","false","-1","N/A","0","false","0","true","0","false",,"33431644518.916","33431644518.916","4","false","true",
"C","A","20230101","2023","52","2023","699","IND","India","X","Export","0","W00","World","0","W00","World","H6","HS","true","72","Iron and steel","2","false","C00","TOTAL CPC","0","0","TOTAL MOT","-1","N/A","0","false","-1","N/A","0","false","0","true","0","false",,"11812868087.362","11812868087.362","4","false","true",
"C","A","20230101","2023","52","2023","699","IND","India","X","Export","0","W00","World","0","W00","World","H6","HS","true","75","Nickel and articles thereof","2","false","C00","TOTAL CPC","0","0","TOTAL MOT","-1","N/A","0","false","-1","N/A","0","false","0","true","0","false",,"171772676.862","171772676.862","4","false","true",
"C","A","20230101","2023","52","2023","699","IND","India","X","Export","0","W00","World","0","W00","World","H6","HS","true","80","Tin; articles thereof","2","false","C00","TOTAL CPC","0","0","TOTAL MOT","-1","N/A","0","false","-1","N/A","0","false","0","true","0","false",,"14860189.698","14860189.698","4","false","true",
"C","A","20230101","2023","52","2023","699","IND","India","X","Export","0","W00","World","0","W00","World","H6","HS","true","83","Metal; miscellaneous products of base metal","2","false","C00","TOTAL CPC","0","0","TOTAL MOT","-1","N/A","0","false","-1","N/A","0","false","0","true","0","false",,"850346704.68","850346704.68","4","false","true",
"C","A","20230101","2023","52","2023","699","IND","India","X","Export","0","W00","World","0","W00","World","H6","HS","true","86","Railway, tramway locomotives, rolling-stock and parts thereof; railway or tramway track fixtures and fittings and parts thereof; mechanical (including electro-mechanical) traffic signalling equipment of all kinds","2","false","C00","TOTAL CPC","0","0","TOTAL MOT","-1","N/A","0","false","-1","N/A","0","false","0","true","0","false",,"321983211.955","321983211.955","4","false","true",
"C","A","20230101","2023","52","2023","699","IND","India","X","Export","0","W00","World","0","W00","World","H6","HS","true","13","Lac; gums, resins and other vegetable saps and extracts","2","false","C00","TOTAL CPC","0","0","TOTAL MOT","-1","N/A","0","false","-1","N/A","0","false","0","true","0","false",,"956871729.758","956871729.758","4","false","true",
"C","A","20230101","2023","52","2023","699","IND","India","X","Export","0","W00","World","0","W00","World","H6","HS","true","30","Pharmaceutical products","2","false","C00","TOTAL CPC","0","0","TOTAL MOT","-1","N/A","0","false","-1","N/A","0","false","0","true","0","false",,"21300721941.724","21300721941.724","4","false","true",
"C","A","20230101","2023","52","2023","699","IND","India","X","Export","0","W00","World","0","W00","World","H6","HS","true","33","Essential oils and resinoids; perfumery, cosmetic or toilet preparations","2","false","C00","TOTAL CPC","0","0","TOTAL MOT","-1","N/A","0","false","-1","N/A","0","false","0","true","0","false",,"2874107710.709","2874107710.709","4","false","true",
"C","A","20230101","2023","52","2023","699","IND","India","X","Export","0","W00","World","0","W00","World","H6","HS","true","36","Explosives; pyrotechnic products; matches; pyrophoric alloys; certain combustible preparations","2","false","C00","TOTAL CPC","0","0","TOTAL MOT","-1","N/A","0","false","-1","N/A","0","false","0","true","0","false",,"257320250.432","257320250.432","4","false","true",
"C","A","20230101","2023","52","2023","699","IND","India","X","Export","0","W00","World","0","W00","World","H6","HS","true","50","Silk","2","false","C00","TOTAL CPC","0","0","TOTAL MOT","-1","N/A","0","false","-1","N/A","0","false","0","true","0","false",,"116738808.203","116738808.203","4","false","true",
"C","A","20230101","2023","52","2023","699","IND","India","X","Export","0","W00","World","0","W00","World","H6","HS","true","53","Vegetable textile fibres; paper yarn and woven fabrics of paper yarn","2","false","C00","TOTAL CPC","0","0","TOTAL MOT","-1","N/A","0","false","-1","N/A","0","false","0","true","0","false",,"434136984.445","434136984.445","4","false","true",
"C","A","20230101","2023","52","2023","699","IND","India","X","Export","0","W00","World","0","W00","World","H6","HS","true","56","Wadding, felt and nonwovens, special yarns; twine, cordage, ropes and cables and articles thereof","2","false","C00","TOTAL CPC","0","0","TOTAL MOT","-1","N/A","0","false","-1","N/A","0","false","0","true","0","false",,"549014058.289","549014058.289","4","false","true",
"C","A","20230101","2023","52","2023","699","IND","India","X","Export","0","W00","World","0","W00","World","H6","HS","true","70","Glass and glassware","2","false","C00","TOTAL CPC","0","0","TOTAL MOT","-1","N/A","0","false","-1","N/A","0","false","0","true","0","false",,"1081042844.06","1081042844.06","4","false","true",
"C","A","20230101","2023","52","2023","699","IND","India","X","Export","0","W00","World","0","W00","World","H6","HS","true","73","Iron or steel articles","2","false","C00","TOTAL CPC","0","0","TOTAL MOT","-1","N/A","0","false","-1","N/A","0","false","0","true","0","false",,"9742690188.065","9742690188.065","4","false","true",
"C","A","20230101","2023","52","2023","699","IND","India","X","Export","0","W00","World","0","W00","World","H6","HS","true","76","Aluminium and articles thereof","2","false","C00","TOTAL CPC","0","0","TOTAL MOT","-1","N/A","0","false","-1","N/A","0","false","0","true","0","false",,"7333063033.411","7333063033.411","4","false","true",
"C","A","20230101","2023","52","2023","699","IND","India","X","Export","0","W00","World","0","W00","World","H6","HS","true","87","Vehicles; other than railway or tramway rolling stock, and parts and accessories thereof","2","false","C00","TOTAL CPC","0","0","TOTAL MOT","-1","N/A","0","false","-1","N/A","0","false","0","true","0","false",,"20817262004.255","20817262004.255","4","false","true",
"C","A","20230101","2023","52","2023","699","IND","India","X","Export","0","W00","World","0","W00","World","H6","HS","true","63","Textiles, made up articles; sets; worn clothing and worn textile articles; rags","2","false","C00","TOTAL CPC","0","0","TOTAL MOT","-1","N/A","0","false","-1","N/A","0","false","0","true","0","false",,"5390477079.102","5390477079.102","4","false","true",
"C","A","20230101","2023","52","2023","699","IND","India","X","Export","0","W00","World","0","W00","World","H6","HS","true","84","Machinery and mechanical appliances, boilers, nuclear reactors; parts thereof","2","false","C00","TOTAL CPC","0","0","TOTAL MOT","-1","N/A","0","false","-1","N/A","0","false","0","true","0","false",,"29306400055.387","29306400055.387","4","false","true",
"C","A","20240101","2024","52","2024","699","IND","India","M","Import","0","W00","World","0","W00","World","H6","HS","true","99","Commodities not specified according to kind","2","false","C00","TOTAL CPC","0","0","TOTAL MOT","-1","N/A","0","false","-1","N/A","0","false","0","false","0","false","1475706095.134",,"1475706095.134","0","false","true",
"C","A","20240101","2024","52","2024","699","IND","India","X","Export","0","W00","World","0","W00","World","H6","HS","true","01","Animals; live","2","false","C00","TOTAL CPC","0","0","TOTAL MOT","-1","N/A","0","false","-1","N/A","0","false",,"false","0","false",,"19599654.044","19599654.044","0","false","true",
"C","A","20240101","2024","52","2024","699","IND","India","X","Export","0","W00","World","0","W00","World","H6","HS","true","47","Pulp of wood or other fibrous cellulosic material; recovered (waste and scrap) paper or paperboard","2","false","C00","TOTAL CPC","0","0","TOTAL MOT","-1","N/A","0","false","-1","N/A","0","false",,"false","0","false",,"7316733.975","7316733.975","0","false","true",
"C","A","20240101","2024","52","2024","699","IND","India","X","Export","0","W00","World","0","W00","World","H6","HS","true","64","Footwear; gaiters and the like; parts of such articles","2","false","C00","TOTAL CPC","0","0","TOTAL MOT","-1","N/A","0","false","-1","N/A","0","false",,"false","0","false",,"2462089518.515","2462089518.515","0","false","true",
"C","A","20240101","2024","52","2024","699","IND","India","X","Export","0","W00","World","0","W00","World","H6","HS","true","85","Electrical machinery and equipment and parts thereof; sound recorders and reproducers; television image and sound recorders and reproducers, parts and accessories of such articles","2","false","C00","TOTAL CPC","0","0","TOTAL MOT","-1","N/A","0","false","-1","N/A","0","false",,"false","0","false",,"39364869708.314","39364869708.314","0","false","true",
"C","A","20240101","2024","52","2024","699","IND","India","X","Export","0","W00","World","0","W00","World","H6","HS","true","88","Aircraft, spacecraft, and parts thereof","2","false","C00","TOTAL CPC","0","0","TOTAL MOT","-1","N/A","0","false","-1","N/A","0","false",,"false","0","false",,"7067502895.108","7067502895.108","0","false","true",
"C","A","20240101","2024","52","2024","699","IND","India","X","Export","0","W00","World","0","W00","World","H6","HS","true","91","Clocks and watches and parts thereof","2","false","C00","TOTAL CPC","0","0","TOTAL MOT","-1","N/A","0","false","-1","N/A","0","false",,"false","0","false",,"70879167.984","70879167.984","0","false","true",
"C","A","20240101","2024","52","2024","699","IND","India","X","Export","0","W00","World","0","W00","World","H6","HS","true","61","Apparel and clothing accessories; knitted or crocheted","2","false","C00","TOTAL CPC","0","0","TOTAL MOT","-1","N/A","0","false","-1","N/A","0","false",,"false","0","false",,"7409129831.998","7409129831.998","0","false","true",
"C","A","20240101","2024","52","2024","699","IND","India","X","Export","0","W00","World","0","W00","World","H6","HS","true","82","Tools, implements, cutlery, spoons and forks, of base metal; parts thereof, of base metal","2","false","C00","TOTAL CPC","0","0","TOTAL MOT","-1","N/A","0","false","-1","N/A","0","false",,"false","0","false",,"1133858520.034","1133858520.034","0","false","true",
"C","A","20240101","2024","52","2024","699","IND","India","X","Export","0","W00","World","0","W00","World","H6","HS","true","37","Photographic or cinematographic goods","2","false","C00","TOTAL CPC","0","0","TOTAL MOT","-1","N/A","0","false","-1","N/A","0","false",,"false","0","false",,"17573283.776","17573283.776","0","false","true",
"C","A","20240101","2024","52","2024","699","IND","India","X","Export","0","W00","World","0","W00","World","H6","HS","true","54","Man-made filaments; strip and the like of man-made textile materials","2","false","C00","TOTAL CPC","0","0","TOTAL MOT","-1","N/A","0","false","-1","N/A","0","false",,"false","0","false",,"1773763602.865","1773763602.865","0","false","true",
"C","A","20240101","2024","52","2024","699","IND","India","X","Export","0","W00","World","0","W00","World","H6","HS","true","57","Carpets and other textile floor coverings","2","false","C00","TOTAL CPC","0","0","TOTAL MOT","-1","N/A","0","false","-1","N/A","0","false",,"false","0","false",,"2019995809.969","2019995809.969","0","false","true",
"C","A","20240101","2024","52","2024","699","IND","India","X","Export","0","W00","World","0","W00","World","H6","HS","true","78","Lead and articles thereof","2","false","C00","TOTAL CPC","0","0","TOTAL MOT","-1","N/A","0","false","-1","N/A","0","false",,"false","0","false",,"889495481.629","889495481.629","0","false","true",
"C","A","20240101","2024","52","2024","699","IND","India","X","Export","0","W00","World","0","W00","World","H6","HS","true","04","Dairy produce; birds' eggs; natural honey; edible products of animal origin, not elsewhere specified or included","2","false","C00","TOTAL CPC","0","0","TOTAL MOT","-1","N/A","0","false","-1","N/A","0","false","0","true","0","false",,"763759393.595","763759393.595","4","false","true",
"C","A","20240101","2024","52","2024","699","IND","India","X","Export","0","W00","World","0","W00","World","H6","HS","true","07","Vegetables and certain roots and tubers; edible","2","false","C00","TOTAL CPC","0","0","TOTAL MOT","-1","N/A","0","false","-1","N/A","0","false","0","true","0","false",,"2050799719.728","2050799719.728","4","false","true",
"C","A","20240101","2024","52","2024","699","IND","India","X","Export","0","W00","World","0","W00","World","H6","HS","true","21","Miscellaneous edible preparations","2","false","C00","TOTAL CPC","0","0","TOTAL MOT","-1","N/A","0","false","-1","N/A","0","false","0","true","0","false",,"1627951088.434","1627951088.434","4","false","true",
"C","A","20240101","2024","52","2024","699","IND","India","X","Export","0","W00","World","0","W00","World","H6","HS","true","24","Tobacco and manufactured tobacco substitutes; products, whether or not containing nicotine, intended for inhalation without combustion; other nicotine containing products intended for the intake of nicotine into the human body","2","false","C00","TOTAL CPC","0","0","TOTAL MOT","-1","N/A","0","false","-1","N/A","0","false","0","true","0","false",,"1842055154.228","1842055154.228","4","false","true",
"C","A","20240101","2024","52","2024","699","IND","India","X","Export","0","W00","World","0","W00","World","H6","HS","true","27","Mineral fuels, mineral oils and products of their distillation; bituminous substances; mineral waxes","2","false","C00","TOTAL CPC","0","0","TOTAL MOT","-1","N/A","0","false","-1","N/A","0","false","0","true","0","false",,"74267309683.406","74267309683.406","4","false","true",
"C","A","20240101","2024","52","2024","699","IND","India","X","Export","0","W00","World","0","W00","World","H6","HS","true","44","Wood and articles of wood; wood charcoal","2","false","C00","TOTAL CPC","0","0","TOTAL MOT","-1","N/A","0","false","-1","N/A","0","false","0","true","0","false",,"577118163.883","577118163.883","4","false","true",
"C","A","20240101","2024","52","2024","699","IND","India","X","Export","0","W00","World","0","W00","World","H6","HS","true","67","Feathers and down, prepared; and articles made of feather or of down; artificial flowers; articles of human hair","2","false","C00","TOTAL CPC","0","0","TOTAL MOT","-1","N/A","0","false","-1","N/A","0","false","0","true","0","false",,"584037859.913","584037859.913","4","false","true",
"C","A","20240101","2024","52","2024","699","IND","India","X","Export","0","W00","World","0","W00","World","H6","HS","true","15","Animal, vegetable or microbial fats and oils and their cleavage products; prepared edible fats; animal or vegetable waxes","2","false","C00","TOTAL CPC","0","0","TOTAL MOT","-1","N/A","0","false","-1","N/A","0","false","0","true","0","false",,"1963801651.498","1963801651.498","4","false","true",
"C","A","20240101","2024","52","2024","699","IND","India","X","Export","0","W00","World","0","W00","World","H6","HS","true","18","Cocoa and cocoa preparations","2","false","C00","TOTAL CPC","0","0","TOTAL MOT","-1","N/A","0","false","-1","N/A","0","false","0","true","0","false",,"229886506.051","229886506.051","4","false","true",
"C","A","20240101","2024","52","2024","699","IND","India","X","Export","0","W00","World","0","W00","World","H6","HS","true","35","Albuminoidal substances; modified starches; glues; enzymes","2","false","C00","TOTAL CPC","0","0","TOTAL MOT","-1","N/A","0","false","-1","N/A","0","false","0","true","0","false",,"390963165.407","390963165.407","4","false","true",
"C","A","20240101","2024","52","2024","699","IND","India","X","Export","0","W00","World","0","W00","World","H6","HS","true","38","Chemical products n.e.c.","2","false","C00","TOTAL CPC","0","0","TOTAL MOT","-1","N/A","0","false","-1","N/A","0","false","0","true","0","false",,"6749003248.129","6749003248.129","4","false","true",
"C","A","20240101","2024","52","2024","699","IND","India","X","Export","0","W00","World","0","W00","World","H6","HS","true","41","Raw hides and skins (other than furskins) and leather","2","false","C00","TOTAL CPC","0","0","TOTAL MOT","-1","N/A","0","false","-1","N/A","0","false","0","true","0","false",,"438846022.547","438846022.547","4","false","true",
"C","A","20240101","2024","52","2024","699","IND","India","X","Export","0","W00","World","0","W00","World","H6","HS","true","55","Man-made staple fibres","2","false","C00","TOTAL CPC","0","0","TOTAL MOT","-1","N/A","0","false","-1","N/A","0","false","0","true","0","false",,"1603640774.399","1603640774.399","4","false","true",
"C","A","20240101","2024","52","2024","699","IND","India","X","Export","0","W00","World","0","W00","World","H6","HS","true","58","Fabrics; special woven fabrics, tufted textile fabrics, lace, tapestries, trimmings, embroidery","2","false","C00","TOTAL CPC","0","0","TOTAL MOT","-1","N/A","0","false","-1","N/A","0","false","0","true","0","false",,"353534985.872","353534985.872","4","false","true",
"C","A","20240101","2024","52","2024","699","IND","India","X","Export","0","W00","World","0","W00","World","H6","HS","true","79","Zinc and articles thereof","2","false","C00","TOTAL CPC","0","0","TOTAL MOT","-1","N/A","0","false","-1","N/A","0","false","0","true","0","false",,"698613756.563","698613756.563","4","false","true",
"C","A","20240101","2024","52","2024","699","IND","India","X","Export","0","W00","World","0","W00","World","H6","HS","true","11","Products of the milling industry; malt, starches, inulin, wheat gluten","2","false","C00","TOTAL CPC","0","0","TOTAL MOT","-1","N/A","0","false","-1","N/A","0","false","0","true","0","false",,"753378540.561","753378540.561","4","false","true",
"C","A","20240101","2024","52","2024","699","IND","India","X","Export","0","W00","World","0","W00","World","H6","HS","true","14","Vegetable plaiting materials; vegetable products not elsewhere specified or included","2","false","C00","TOTAL CPC","0","0","TOTAL MOT","-1","N/A","0","false","-1","N/A","0","false","0","true","0","false",,"48008645.765","48008645.765","4","false","true",
"C","A","20240101","2024","52","2024","699","IND","India","X","Export","0","W00","World","0","W00","World","H6","HS","true","17","Sugars and sugar confectionery","2","false","C00","TOTAL CPC","0","0","TOTAL MOT","-1","N/A","0","false","-1","N/A","0","false","0","true","0","false",,"2623227779.205","2623227779.205","4","false","true",
"C","A","20240101","2024","52","2024","699","IND","India","X","Export","0","W00","World","0","W00","World","H6","HS","true","31","Fertilizers","2","false","C00","TOTAL CPC","0","0","TOTAL MOT","-1","N/A","0","false","-1","N/A","0","false","0","true","0","false",,"170202626.849","170202626.849","4","false","true",
"C","A","20240101","2024","52","2024","699","IND","India","X","Export","0","W00","World","0","W00","World","H6","HS","true","34","Soap, organic surface-active agents; washing, lubricating, polishing or scouring preparations; artificial or prepared waxes, candles and similar articles, modelling pastes, dental waxes and dental preparations with a basis of plaster","2","false","C00","TOTAL CPC","0","0","TOTAL MOT","-1","N/A","0","false","-1","N/A","0","false","0","true","0","false",,"1046498027.826","1046498027.826","4","false","true",
"C","A","20240101","2024","52","2024","699","IND","India","X","Export","0","W00","World","0","W00","World","H6","HS","true","74","Copper and articles thereof","2","false","C00","TOTAL CPC","0","0","TOTAL MOT","-1","N/A","0","false","-1","N/A","0","false","0","true","0","false",,"2096578237.629","2096578237.629","4","false","true",
"C","A","20240101","2024","52","2024","699","IND","India","X","Export","0","W00","World","0","W00","World","H6","HS","true","81","Metals; n.e.c., cermets and articles thereof","2","false","C00","TOTAL CPC","0","0","TOTAL MOT","-1","N/A","0","false","-1","N/A","0","false","0","true","0","false",,"127116875.36","127116875.36","4","false","true",
"C","A","20240101","2024","52","2024","699","IND","India","X","Export","0","W00","World","0","W00","World","H6","HS","true","95","Toys, games and sports requisites; parts and accessories thereof","2","false","C00","TOTAL CPC","0","0","TOTAL MOT","-1","N/A","0","false","-1","N/A","0","false","0","true","0","false",,"553627701.955","553627701.955","4","false","true",
"C","A","20240101","2024","52","2024","699","IND","India","X","Export","0","W00","World","0","W00","World","H6","HS","true","99","Commodities not specified according to kind","2","false","C00","TOTAL CPC","0","0","TOTAL MOT","-1","N/A","0","false","-1","N/A","0","false","0","false","0","false",,"20036022.376","20036022.376","0","false","true",
"C","A","20240101","2024","52","2024","699","IND","India","X","Export","0","W00","World","0","W00","World","H6","HS","true","30","Pharmaceutical products","2","false","C00","TOTAL CPC","0","0","TOTAL MOT","-1","N/A","0","false","-1","N/A","0","false","0","true","0","false",,"22983620185.194","22983620185.194","4","false","true",
"C","A","20240101","2024","52","2024","699","IND","India","X","Export","0","W00","World","0","W00","World","H6","HS","true","49","Printed books, newspapers, pictures and other products of the printing industry; manuscripts, typescripts and plans","2","false","C00","TOTAL CPC","0","0","TOTAL MOT","-1","N/A","0","false","-1","N/A","0","false","0","true","0","false",,"420756379.2","420756379.2","4","false","true",
"C","A","20240101","2024","52","2024","699","IND","India","X","Export","0","W00","World","0","W00","World","H6","HS","true","39","Plastics and articles thereof","2","false","C00","TOTAL CPC","0","0","TOTAL MOT","-1","N/A","0","false","-1","N/A","0","false","0","true","0","false",,"7974107002.967","7974107002.967","4","false","true",
"C","A","20240101","2024","52","2024","699","IND","India","X","Export","0","W00","World","0","W00","World","H6","HS","true","83","Metal; miscellaneous products of base metal","2","false","C00","TOTAL CPC","0","0","TOTAL MOT","-1","N/A","0","false","-1","N/A","0","false","0","true","0","false",,"937767839.175","937767839.175","4","false","true",
"C","A","20240101","2024","52","2024","699","IND","India","X","Export","0","W00","World","0","W00","World","H6","HS","true","29","Organic chemicals","2","false","C00","TOTAL CPC","0","0","TOTAL MOT","-1","N/A","0","false","-1","N/A","0","false","0","true","0","false",,"20692954209.748","20692954209.748","4","false","true",
"C","A","20240101","2024","52","2024","699","IND","India","X","Export","0","W00","World","0","W00","World","H6","HS","true","10","Cereals","2","false","C00","TOTAL CPC","0","0","TOTAL MOT","-1","N/A","0","false","-1","N/A","0","false","0","true","0","false",,"11925635219.926","11925635219.926","4","false","true",
"C","A","20240101","2024","52","2024","699","IND","India","X","Export","0","W00","World","0","W00","World","H6","HS","true","13","Lac; gums, resins and other vegetable saps and extracts","2","false","C00","TOTAL CPC","0","0","TOTAL MOT","-1","N/A","0","false","-1","N/A","0","false","0","true","0","false",,"1072497097.824","1072497097.824","4","false","true",
"C","A","20240101","2024","52","2024","699","IND","India","X","Export","0","W00","World","0","W00","World","H6","HS","true","33","Essential oils and resinoids; perfumery, cosmetic or toilet preparations","2","false","C00","TOTAL CPC","0","0","TOTAL MOT","-1","N/A","0","false","-1","N/A","0","false","0","true","0","false",,"2680862207.969","2680862207.969","4","false","true",
"C","A","20240101","2024","52","2024","699","IND","India","X","Export","0","W00","World","0","W00","World","H6","HS","true","36","Explosives; pyrotechnic products; matches; pyrophoric alloys; certain combustible preparations","2","false","C00","TOTAL CPC","0","0","TOTAL MOT","-1","N/A","0","false","-1","N/A","0","false","0","true","0","false",,"339534765.244","339534765.244","4","false","true",
"C","A","20240101","2024","52","2024","699","IND","India","X","Export","0","W00","World","0","W00","World","H6","HS","true","50","Silk","2","false","C00","TOTAL CPC","0","0","TOTAL MOT","-1","N/A","0","false","-1","N/A","0","false","0","true","0","false",,"153936127.248","153936127.248","4","false","true",
"C","A","20240101","2024","52","2024","699","IND","India","X","Export","0","W00","World","0","W00","World","H6","HS","true","53","Vegetable textile fibres; paper yarn and woven fabrics of paper yarn","2","false","C00","TOTAL CPC","0","0","TOTAL MOT","-1","N/A","0","false","-1","N/A","0","false","0","true","0","false",,"533426479.799","533426479.799","4","false","true",
"C","A","20240101","2024","52","2024","699","IND","India","X","Export","0","W00","World","0","W00","World","H6","HS","true","56","Wadding, felt and nonwovens, special yarns; twine, cordage, ropes and cables and articles thereof","2","false","C00","TOTAL CPC","0","0","TOTAL MOT","-1","N/A","0","false","-1","N/A","0","false","0","true","0","false",,"647822935.092","647822935.092","4","false","true",
"C","A","20240101","2024","52","2024","699","IND","India","X","Export","0","W00","World","0","W00","World","H6","HS","true","76","Aluminium and articles thereof","2","false","C00","TOTAL CPC","0","0","TOTAL MOT","-1","N/A","0","false","-1","N/A","0","false","0","true","0","false",,"7246547464.606","7246547464.606","4","false","true",
"C","A","20240101","2024","52","2024","699","IND","India","X","Export","0","W00","World","0","W00","World","H6","HS","true","02","Meat and edible meat offal","2","false","C00","TOTAL CPC","0","0","TOTAL MOT","-1","N/A","0","false","-1","N/A","0","false","0","true","0","false",,"3949908189.164","3949908189.164","4","false","true",
"C","A","20240101","2024","52","2024","699","IND","India","X","Export","0","W00","World","0","W00","World","H6","HS","true","03","Fish and crustaceans, molluscs and other aquatic invertebrates","2","false","C00","TOTAL CPC","0","0","TOTAL MOT","-1","N/A","0","false","-1","N/A","0","false","0","true","0","false",,"6049010156.392","6049010156.392","4","false","true",
"C","A","20240101","2024","52","2024","699","IND","India","X","Export","0","W00","World","0","W00","World","H6","HS","true","05","Animal originated products; not elsewhere specified or included","2","false","C00","TOTAL CPC","0","0","TOTAL MOT","-1","N/A","0","false","-1","N/A","0","false","0","true","0","false",,"272837720.851","272837720.851","4","false","true",
"C","A","20240101","2024","52","2024","699","IND","India","X","Export","0","W00","World","0","W00","World","H6","HS","true","06","Trees and other plants, live; bulbs, roots and the like; cut flowers and ornamental foliage","2","false","C00","TOTAL CPC","0","0","TOTAL MOT","-1","N/A","0","false","-1","N/A","0","false","0","true","0","false",,"87736084.246","87736084.246","4","false","true",
"C","A","20240101","2024","52","2024","699","IND","India","X","Export","0","W00","World","0","W00","World","H6","HS","true","08","Fruit and nuts, edible; peel of citrus fruit or melons","2","false","C00","TOTAL CPC","0","0","TOTAL MOT","-1","N/A","0","false","-1","N/A","0","false","0","true","0","false",,"1670301046.465","1670301046.465","4","false","true",
"C","A","20240101","2024","52","2024","699","IND","India","X","Export","0","W00","World","0","W00","World","H6","HS","true","09","Coffee, tea, mate and spices","2","false","C00","TOTAL CPC","0","0","TOTAL MOT","-1","N/A","0","false","-1","N/A","0","false","0","true","0","false",,"5235263014.837","5235263014.837","4","false","true",
"C","A","20240101","2024","52","2024","699","IND","India","X","Export","0","W00","World","0","W00","World","H6","HS","true","12","Oil seeds and oleaginous fruits; miscellaneous grains, seeds and fruit, industrial or medicinal plants; straw and fodder","2","false","C00","TOTAL CPC","0","0","TOTAL MOT","-1","N/A","0","false","-1","N/A","0","false","0","true","0","false",,"2165641015.478","2165641015.478","4","false","true",
"C","A","20240101","2024","52","2024","699","IND","India","X","Export","0","W00","World","0","W00","World","H6","HS","true","16","Meat, fish, crustaceans, molluscs or other aquatic invertebrates, or insects; preparations thereof","2","false","C00","TOTAL CPC","0","0","TOTAL MOT","-1","N/A","0","false","-1","N/A","0","false","0","true","0","false",,"731919577.578","731919577.578","4","false","true",
"C","A","20240101","2024","52","2024","699","IND","India","X","Export","0","W00","World","0","W00","World","H6","HS","true","19","Preparations of cereals, flour, starch or milk; pastrycooks' products","2","false","C00","TOTAL CPC","0","0","TOTAL MOT","-1","N/A","0","false","-1","N/A","0","false","0","true","0","false",,"877320578.758","877320578.758","4","false","true",
"C","A","20240101","2024","52","2024","699","IND","India","X","Export","0","W00","World","0","W00","World","H6","HS","true","20","Preparations of vegetables, fruit, nuts or other parts of plants","2","false","C00","TOTAL CPC","0","0","TOTAL MOT","-1","N/A","0","false","-1","N/A","0","false","0","true","0","false",,"1181970322.728","1181970322.728","4","false","true",
"C","A","20240101","2024","52","2024","699","IND","India","X","Export","0","W00","World","0","W00","World","H6","HS","true","23","Food industries, residues and wastes thereof; prepared animal fodder","2","false","C00","TOTAL CPC","0","0","TOTAL MOT","-1","N/A","0","false","-1","N/A","0","false","0","true","0","false",,"2324151038.126","2324151038.126","4","false","true",
"C","A","20240101","2024","52","2024","699","IND","India","X","Export","0","W00","World","0","W00","World","H6","HS","true","25","Salt; sulphur; earths, stone; plastering materials, lime and cement","2","false","C00","TOTAL CPC","0","0","TOTAL MOT","-1","N/A","0","false","-1","N/A","0","false","0","true","0","false",,"2005094044.614","2005094044.614","4","false","true",
"C","A","20240101","2024","52","2024","699","IND","India","X","Export","0","W00","World","0","W00","World","H6","HS","true","26","Ores, slag and ash","2","false","C00","TOTAL CPC","0","0","TOTAL MOT","-1","N/A","0","false","-1","N/A","0","false","0","true","0","false",,"2980871600.937","2980871600.937","4","false","true",
"C","A","20240101","2024","52","2024","699","IND","India","X","Export","0","W00","World","0","W00","World","H6","HS","true","28","Inorganic chemicals; organic and inorganic compounds of precious metals; of rare earth metals, of radio-active elements and of isotopes","2","false","C00","TOTAL CPC","0","0","TOTAL MOT","-1","N/A","0","false","-1","N/A","0","false","0","true","0","false",,"3564055920.739","3564055920.739","4","false","true",
"C","A","20240101","2024","52","2024","699","IND","India","X","Export","0","W00","World","0","W00","World","H6","HS","true","32","Tanning or dyeing extracts; tannins and their derivatives; dyes, pigments and other colouring matter; paints, varnishes; putty, other mastics; inks","2","false","C00","TOTAL CPC","0","0","TOTAL MOT","-1","N/A","0","false","-1","N/A","0","false","0","true","0","false",,"4332285982.948","4332285982.948","4","false","true",
"C","A","20240101","2024","52","2024","699","IND","India","X","Export","0","W00","World","0","W00","World","H6","HS","true","43","Furskins and artificial fur; manufactures thereof","2","false","C00","TOTAL CPC","0","0","TOTAL MOT","-1","N/A","0","false","-1","N/A","0","false","0","true","0","false",,"7720489.63","7720489.63","4","false","true",
"C","A","20240101","2024","52","2024","699","IND","India","X","Export","0","W00","World","0","W00","World","H6","HS","true","45","Cork and articles of cork","2","false","C00","TOTAL CPC","0","0","TOTAL MOT","-1","N/A","0","false","-1","N/A","0","false","0","true","0","false",,"4770916.189","4770916.189","4","false","true",
"C","A","20240101","2024","52","2024","699","IND","India","X","Export","0","W00","World","0","W00","World","H6","HS","true","46","Manufactures of straw, esparto or other plaiting materials; basketware and wickerwork","2","false","C00","TOTAL CPC","0","0","TOTAL MOT","-1","N/A","0","false","-1","N/A","0","false","0","true","0","false",,"69804493.735","69804493.735","4","false","true",
"C","A","20240101","2024","52","2024","699","IND","India","X","Export","0","W00","World","0","W00","World","H6","HS","true","48","Paper and paperboard; articles of paper pulp, of paper or paperboard","2","false","C00","TOTAL CPC","0","0","TOTAL MOT","-1","N/A","0","false","-1","N/A","0","false","0","true","0","false",,"2583726482.613","2583726482.613","4","false","true",
"C","A","20240101","2024","52","2024","699","IND","India","X","Export","0","W00","World","0","W00","World","H6","HS","true","51","Wool, fine or coarse animal hair; horsehair yarn and woven fabric","2","false","C00","TOTAL CPC","0","0","TOTAL MOT","-1","N/A","0","false","-1","N/A","0","false","0","true","0","false",,"141260290.161","141260290.161","4","false","true",
"C","A","20240101","2024","52","2024","699","IND","India","X","Export","0","W00","World","0","W00","World","H6","HS","true","60","Fabrics; knitted or crocheted","2","false","C00","TOTAL CPC","0","0","TOTAL MOT","-1","N/A","0","false","-1","N/A","0","false","0","true","0","false",,"551675272.959","551675272.959","4","false","true",
"C","A","20240101","2024","52","2024","699","IND","India","X","Export","0","W00","World","0","W00","World","H6","HS","true","65","Headgear and parts thereof","2","false","C00","TOTAL CPC","0","0","TOTAL MOT","-1","N/A","0","false","-1","N/A","0","false","0","true","0","false",,"91288364.654","91288364.654","4","false","true",
"C","A","20240101","2024","52","2024","699","IND","India","X","Export","0","W00","World","0","W00","World","H6","HS","true","66","Umbrellas, sun umbrellas, walking-sticks, seat sticks, whips, riding crops; and parts thereof","2","false","C00","TOTAL CPC","0","0","TOTAL MOT","-1","N/A","0","false","-1","N/A","0","false","0","true","0","false",,"4985268.759","4985268.759","4","false","true",
"C","A","20240101","2024","52","2024","699","IND","India","X","Export","0","W00","World","0","W00","World","H6","HS","true","68","Stone, plaster, cement, asbestos, mica or similar materials; articles thereof","2","false","C00","TOTAL CPC","0","0","TOTAL MOT","-1","N/A","0","false","-1","N/A","0","false","0","true","0","false",,"2138529251.208","2138529251.208","4","false","true",
"C","A","20240101","2024","52","2024","699","IND","India","X","Export","0","W00","World","0","W00","World","H6","HS","true","71","Natural, cultured pearls; precious, semi-precious stones; precious metals, metals clad with precious metal, and articles thereof; imitation jewellery; coin","2","false","C00","TOTAL CPC","0","0","TOTAL MOT","-1","N/A","0","false","-1","N/A","0","false","0","true","0","false",,"29249929010.908","29249929010.908","4","false","true",
"C","A","20240101","2024","52","2024","699","IND","India","X","Export","0","W00","World","0","W00","World","H6","HS","true","75","Nickel and articles thereof","2","false","C00","TOTAL CPC","0","0","TOTAL MOT","-1","N/A","0","false","-1","N/A","0","false","0","true","0","false",,"172147008.132","172147008.132","4","false","true",
"C","A","20240101","2024","52","2024","699","IND","India","X","Export","0","W00","World","0","W00","World","H6","HS","true","80","Tin; articles thereof","2","false","C00","TOTAL CPC","0","0","TOTAL MOT","-1","N/A","0","false","-1","N/A","0","false","0","true","0","false",,"22328419.493","22328419.493","4","false","true",
"C","A","20240101","2024","52","2024","699","IND","India","X","Export","0","W00","World","0","W00","World","H6","HS","true","69","Ceramic products","2","false","C00","TOTAL CPC","0","0","TOTAL MOT","-1","N/A","0","false","-1","N/A","0","false","0","true","0","false",,"2708378651.043","2708378651.043","4","false","true",
"C","A","20240101","2024","52","2024","699","IND","India","X","Export","0","W00","World","0","W00","World","H6","HS","true","94","Furniture; bedding, mattresses, mattress supports, cushions and similar stuffed furnishings; lamps and lighting fittings, n.e.c.; illuminated signs, illuminated name-plates and the like; prefabricated buildings","2","false","C00","TOTAL CPC","0","0","TOTAL MOT","-1","N/A","0","false","-1","N/A","0","false","0","true","0","false",,"2512050709.943","2512050709.943","4","false","true",
"C","A","20240101","2024","52","2024","699","IND","India","X","Export","0","W00","World","0","W00","World","H6","HS","true","87","Vehicles; other than railway or tramway rolling stock, and parts and accessories thereof","2","false","C00","TOTAL CPC","0","0","TOTAL MOT","-1","N/A","0","false","-1","N/A","0","false","0","true","0","false",,"21747054064.625","21747054064.625","4","false","true",
"C","A","20240101","2024","52","2024","699","IND","India","X","Export","0","W00","World","0","W00","World","H6","HS","true","40","Rubber and articles thereof","2","false","C00","TOTAL CPC","0","0","TOTAL MOT","-1","N/A","0","false","-1","N/A","0","false","0","true","0","false",,"4777882663.924","4777882663.924","4","false","true",
"C","A","20240101","2024","52","2024","699","IND","India","X","Export","0","W00","World","0","W00","World","H6","HS","true","63","Textiles, made up articles; sets; worn clothing and worn textile articles; rags","2","false","C00","TOTAL CPC","0","0","TOTAL MOT","-1","N/A","0","false","-1","N/A","0","false","0","true","0","false",,"5947293802.512","5947293802.512","4","false","true",
"C","A","20240101","2024","52","2024","699","IND","India","X","Export","0","W00","World","0","W00","World","H6","HS","true","73","Iron or steel articles","2","false","C00","TOTAL CPC","0","0","TOTAL MOT","-1","N/A","0","false","-1","N/A","0","false","0","true","0","false",,"9930245361.068","9930245361.068","4","false","true",
"C","A","20240101","2024","52","2024","699","IND","India","X","Export","0","W00","World","0","W00","World","H6","HS","true","84","Machinery and mechanical appliances, boilers, nuclear reactors; parts thereof","2","false","C00","TOTAL CPC","0","0","TOTAL MOT","-1","N/A","0","false","-1","N/A","0","false","0","true","0","false",,"32012365953.47","32012365953.47","4","false","true",
"C","A","20240101","2024","52","2024","699","IND","India","X","Export","0","W00","World","0","W00","World","H6","HS","true","70","Glass and glassware","2","false","C00","TOTAL CPC","0","0","TOTAL MOT","-1","N/A","0","false","-1","N/A","0","false",,"false","0","false",,"1119801894.961","1119801894.961","0","false","true",
"C","A","20240101","2024","52","2024","699","IND","India","X","Export","0","W00","World","0","W00","World","H6","HS","true","97","Works of art; collectors' pieces and antiques","2","false","C00","TOTAL CPC","0","0","TOTAL MOT","-1","N/A","0","false","-1","N/A","0","false",,"false","0","false",,"323322294.633","323322294.633","0","false","true",
"C","A","20240101","2024","52","2024","699","IND","India","X","Export","0","W00","World","0","W00","World","H6","HS","true","22","Beverages, spirits and vinegar","2","false","C00","TOTAL CPC","0","0","TOTAL MOT","-1","N/A","0","false","-1","N/A","0","false",,"false","0","false",,"453058499.393","453058499.393","0","false","true",
"C","A","20240101","2024","52","2024","699","IND","India","X","Export","0","W00","World","0","W00","World","H6","HS","true","42","Articles of leather; saddlery and harness; travel goods, handbags and similar containers; articles of animal gut (other than silk-worm gut)","2","false","C00","TOTAL CPC","0","0","TOTAL MOT","-1","N/A","0","false","-1","N/A","0","false",,"false","0","false",,"2517709097.205","2517709097.205","0","false","true",
"C","A","20240101","2024","52","2024","699","IND","India","X","Export","0","W00","World","0","W00","World","H6","HS","true","52","Cotton","2","false","C00","TOTAL CPC","0","0","TOTAL MOT","-1","N/A","0","false","-1","N/A","0","false",,"false","0","false",,"6442000315.051","6442000315.051","0","false","true",
"C","A","20240101","2024","52","2024","699","IND","India","X","Export","0","W00","World","0","W00","World","H6","HS","true","59","Textile fabrics; impregnated, coated, covered or laminated; textile articles of a kind suitable for industrial use","2","false","C00","TOTAL CPC","0","0","TOTAL MOT","-1","N/A","0","false","-1","N/A","0","false",,"false","0","false",,"494480554.997","494480554.997","0","false","true",
"C","A","20240101","2024","52","2024","699","IND","India","X","Export","0","W00","World","0","W00","World","H6","HS","true","62","Apparel and clothing accessories; not knitted or crocheted","2","false","C00","TOTAL CPC","0","0","TOTAL MOT","-1","N/A","0","false","-1","N/A","0","false",,"false","0","false",,"8066821194.86","8066821194.86","0","false","true",
"C","A","20240101","2024","52","2024","699","IND","India","X","Export","0","W00","World","0","W00","World","H6","HS","true","72","Iron and steel","2","false","C00","TOTAL CPC","0","0","TOTAL MOT","-1","N/A","0","false","-1","N/A","0","false",,"false","0","false",,"10180710066.879","10180710066.879","0","false","true",
"C","A","20240101","2024","52","2024","699","IND","India","X","Export","0","W00","World","0","W00","World","H6","HS","true","86","Railway, tramway locomotives, rolling-stock and parts thereof; railway or tramway track fixtures and fittings and parts thereof; mechanical (including electro-mechanical) traffic signalling equipment of all kinds","2","false","C00","TOTAL CPC","0","0","TOTAL MOT","-1","N/A","0","false","-1","N/A","0","false",,"false","0","false",,"349727841.891","349727841.891","0","false","true",
"C","A","20240101","2024","52","2024","699","IND","India","X","Export","0","W00","World","0","W00","World","H6","HS","true","89","Ships, boats and floating structures","2","false","C00","TOTAL CPC","0","0","TOTAL MOT","-1","N/A","0","false","-1","N/A","0","false",,"false","0","false",,"4747586208.106","4747586208.106","0","false","true",
"C","A","20240101","2024","52","2024","699","IND","India","X","Export","0","W00","World","0","W00","World","H6","HS","true","90","Optical, photographic, cinematographic, measuring, checking, medical or surgical instruments and apparatus; parts and accessories","2","false","C00","TOTAL CPC","0","0","TOTAL MOT","-1","N/A","0","false","-1","N/A","0","false",,"false","0","false",,"4959477495.491","4959477495.491","0","false","true",
"C","A","20240101","2024","52","2024","699","IND","India","X","Export","0","W00","World","0","W00","World","H6","HS","true","92","Musical instruments; parts and accessories of such articles","2","false","C00","TOTAL CPC","0","0","TOTAL MOT","-1","N/A","0","false","-1","N/A","0","false",,"false","0","false",,"44880385.986","44880385.986","0","false","true",
"C","A","20240101","2024","52","2024","699","IND","India","X","Export","0","W00","World","0","W00","World","H6","HS","true","93","Arms and ammunition; parts and accessories thereof","2","false","C00","TOTAL CPC","0","0","TOTAL MOT","-1","N/A","0","false","-1","N/A","0","false",,"false","0","false",,"490588885.762","490588885.762","0","false","true",
"C","A","20240101","2024","52","2024","699","IND","India","X","Export","0","W00","World","0","W00","World","H6","HS","true","96","Miscellaneous manufactured articles","2","false","C00","TOTAL CPC","0","0","TOTAL MOT","-1","N/A","0","false","-1","N/A","0","false",,"false","0","false",,"717978956.454","717978956.454","0","false","true",
"C","A","20240101","2024","52","2024","699","IND","India","M","Import","0","W00","World","0","W00","World","H6","HS","true","73","Iron or steel articles","2","false","C00","TOTAL CPC","0","0","TOTAL MOT","-1","N/A","0","false","-1","N/A","0","false",,"false","0","false","5041002792.154",,"5041002792.154","0","false","true",
"C","A","20240101","2024","52","2024","699","IND","India","M","Import","0","W00","World","0","W00","World","H6","HS","true","94","Furniture; bedding, mattresses, mattress supports, cushions and similar stuffed furnishings; lamps and lighting fittings, n.e.c.; illuminated signs, illuminated name-plates and the like; prefabricated buildings","2","false","C00","TOTAL CPC","0","0","TOTAL MOT","-1","N/A","0","false","-1","N/A","0","false",,"false","0","false","1650898655.132",,"1650898655.132","0","false","true",
"C","A","20240101","2024","52","2024","699","IND","India","M","Import","0","W00","World","0","W00","World","H6","HS","true","97","Works of art; collectors' pieces and antiques","2","false","C00","TOTAL CPC","0","0","TOTAL MOT","-1","N/A","0","false","-1","N/A","0","false",,"false","0","false","308165003.176",,"308165003.176","0","false","true",
"C","A","20240101","2024","52","2024","699","IND","India","M","Import","0","W00","World","0","W00","World","H6","HS","true","55","Man-made staple fibres","2","false","C00","TOTAL CPC","0","0","TOTAL MOT","-1","N/A","0","false","-1","N/A","0","false",,"false","0","false","806603636.873",,"806603636.873","0","false","true",
"C","A","20240101","2024","52","2024","699","IND","India","M","Import","0","W00","World","0","W00","World","H6","HS","true","58","Fabrics; special woven fabrics, tufted textile fabrics, lace, tapestries, trimmings, embroidery","2","false","C00","TOTAL CPC","0","0","TOTAL MOT","-1","N/A","0","false","-1","N/A","0","false",,"false","0","false","215266254.593",,"215266254.593","0","false","true",
"C","A","20240101","2024","52","2024","699","IND","India","M","Import","0","W00","World","0","W00","World","H6","HS","true","61","Apparel and clothing accessories; knitted or crocheted","2","false","C00","TOTAL CPC","0","0","TOTAL MOT","-1","N/A","0","false","-1","N/A","0","false",,"false","0","false","675751248.994",,"675751248.994","0","false","true",
"C","A","20240101","2024","52","2024","699","IND","India","M","Import","0","W00","World","0","W00","World","H6","HS","true","79","Zinc and articles thereof","2","false","C00","TOTAL CPC","0","0","TOTAL MOT","-1","N/A","0","false","-1","N/A","0","false",,"false","0","false","745227443.096",,"745227443.096","0","false","true",
"C","A","20240101","2024","52","2024","699","IND","India","M","Import","0","W00","World","0","W00","World","H6","HS","true","31","Fertilizers","2","false","C00","TOTAL CPC","0","0","TOTAL MOT","-1","N/A","0","false","-1","N/A","0","false",,"false","0","false","7709020032.69",,"7709020032.69","0","false","true",
"C","A","20240101","2024","52","2024","699","IND","India","M","Import","0","W00","World","0","W00","World","H6","HS","true","37","Photographic or cinematographic goods","2","false","C00","TOTAL CPC","0","0","TOTAL MOT","-1","N/A","0","false","-1","N/A","0","false",,"false","0","false","224877353.804",,"224877353.804","0","false","true",
"C","A","20240101","2024","52","2024","699","IND","India","M","Import","0","W00","World","0","W00","World","H6","HS","true","54","Man-made filaments; strip and the like of man-made textile materials","2","false","C00","TOTAL CPC","0","0","TOTAL MOT","-1","N/A","0","false","-1","N/A","0","false",,"false","0","false","1412356118.235",,"1412356118.235","0","false","true",
"C","A","20240101","2024","52","2024","699","IND","India","M","Import","0","W00","World","0","W00","World","H6","HS","true","57","Carpets and other textile floor coverings","2","false","C00","TOTAL CPC","0","0","TOTAL MOT","-1","N/A","0","false","-1","N/A","0","false",,"false","0","false","167240061.082",,"167240061.082","0","false","true",
"C","A","20240101","2024","52","2024","699","IND","India","M","Import","0","W00","World","0","W00","World","H6","HS","true","95","Toys, games and sports requisites; parts and accessories thereof","2","false","C00","TOTAL CPC","0","0","TOTAL MOT","-1","N/A","0","false","-1","N/A","0","false",,"false","0","false","502325377.853",,"502325377.853","0","false","true",
"C","A","20240101","2024","52","2024","699","IND","India","M","Import","0","W00","World","0","W00","World","H6","HS","true","01","Animals; live","2","false","C00","TOTAL CPC","0","0","TOTAL MOT","-1","N/A","0","false","-1","N/A","0","false",,"false","0","false","23806611.029",,"23806611.029","0","false","true",
"C","A","20240101","2024","52","2024","699","IND","India","M","Import","0","W00","World","0","W00","World","H6","HS","true","44","Wood and articles of wood; wood charcoal","2","false","C00","TOTAL CPC","0","0","TOTAL MOT","-1","N/A","0","false","-1","N/A","0","false",,"false","0","false","2451112942.42",,"2451112942.42","0","false","true",
"C","A","20240101","2024","52","2024","699","IND","India","M","Import","0","W00","World","0","W00","World","H6","HS","true","47","Pulp of wood or other fibrous cellulosic material; recovered (waste and scrap) paper or paperboard","2","false","C00","TOTAL CPC","0","0","TOTAL MOT","-1","N/A","0","false","-1","N/A","0","false",,"false","0","false","3152747778.618",,"3152747778.618","0","false","true",
"C","A","20240101","2024","52","2024","699","IND","India","M","Import","0","W00","World","0","W00","World","H6","HS","true","64","Footwear; gaiters and the like; parts of such articles","2","false","C00","TOTAL CPC","0","0","TOTAL MOT","-1","N/A","0","false","-1","N/A","0","false",,"false","0","false","608566146.68",,"608566146.68","0","false","true",
"C","A","20240101","2024","52","2024","699","IND","India","M","Import","0","W00","World","0","W00","World","H6","HS","true","85","Electrical machinery and equipment and parts thereof; sound recorders and reproducers; television image and sound recorders and reproducers, parts and accessories of such articles","2","false","C00","TOTAL CPC","0","0","TOTAL MOT","-1","N/A","0","false","-1","N/A","0","false",,"false","0","false","83465272175.012",,"83465272175.012","0","false","true",
"C","A","20240101","2024","52","2024","699","IND","India","M","Import","0","W00","World","0","W00","World","H6","HS","true","88","Aircraft, spacecraft, and parts thereof","2","false","C00","TOTAL CPC","0","0","TOTAL MOT","-1","N/A","0","false","-1","N/A","0","false",,"false","0","false","9663885387.259",,"9663885387.259","0","false","true",
"C","A","20240101","2024","52","2024","699","IND","India","M","Import","0","W00","World","0","W00","World","H6","HS","true","91","Clocks and watches and parts thereof","2","false","C00","TOTAL CPC","0","0","TOTAL MOT","-1","N/A","0","false","-1","N/A","0","false",,"false","0","false","626735820.201",,"626735820.201","0","false","true",
"C","A","20240101","2024","52","2024","699","IND","India","M","Import","0","W00","World","0","W00","World","H6","HS","true","82","Tools, implements, cutlery, spoons and forks, of base metal; parts thereof, of base metal","2","false","C00","TOTAL CPC","0","0","TOTAL MOT","-1","N/A","0","false","-1","N/A","0","false",,"false","0","false","1467112412.001",,"1467112412.001","0","false","true",
"C","A","20240101","2024","52","2024","699","IND","India","M","Import","0","W00","World","0","W00","World","H6","HS","true","09","Coffee, tea, mate and spices","2","false","C00","TOTAL CPC","0","0","TOTAL MOT","-1","N/A","0","false","-1","N/A","0","false",,"false","0","false","1231130407.176",,"1231130407.176","0","false","true",
"C","A","20240101","2024","52","2024","699","IND","India","M","Import","0","W00","World","0","W00","World","H6","HS","true","25","Salt; sulphur; earths, stone; plastering materials, lime and cement","2","false","C00","TOTAL CPC","0","0","TOTAL MOT","-1","N/A","0","false","-1","N/A","0","false",,"false","0","false","4633303912.734",,"4633303912.734","0","false","true",
"C","A","20240101","2024","52","2024","699","IND","India","M","Import","0","W00","World","0","W00","World","H6","HS","true","28","Inorganic chemicals; organic and inorganic compounds of precious metals; of rare earth metals, of radio-active elements and of isotopes","2","false","C00","TOTAL CPC","0","0","TOTAL MOT","-1","N/A","0","false","-1","N/A","0","false",,"false","0","false","9599130651.413",,"9599130651.413","0","false","true",
"C","A","20240101","2024","52","2024","699","IND","India","M","Import","0","W00","World","0","W00","World","H6","HS","true","40","Rubber and articles thereof","2","false","C00","TOTAL CPC","0","0","TOTAL MOT","-1","N/A","0","false","-1","N/A","0","false",,"false","0","false","4412954283.8",,"4412954283.8","0","false","true",
"C","A","20240101","2024","52","2024","699","IND","India","M","Import","0","W00","World","0","W00","World","H6","HS","true","42","Articles of leather; saddlery and harness; travel goods, handbags and similar containers; articles of animal gut (other than silk-worm gut)","2","false","C00","TOTAL CPC","0","0","TOTAL MOT","-1","N/A","0","false","-1","N/A","0","false",,"false","0","false","481193755.783",,"481193755.783","0","false","true",
"C","A","20240101","2024","52","2024","699","IND","India","M","Import","0","W00","World","0","W00","World","H6","HS","true","43","Furskins and artificial fur; manufactures thereof","2","false","C00","TOTAL CPC","0","0","TOTAL MOT","-1","N/A","0","false","-1","N/A","0","false",,"false","0","false","6491679.885",,"6491679.885","0","false","true",
"C","A","20240101","2024","52","2024","699","IND","India","M","Import","0","W00","World","0","W00","World","H6","HS","true","51","Wool, fine or coarse animal hair; horsehair yarn and woven fabric","2","false","C00","TOTAL CPC","0","0","TOTAL MOT","-1","N/A","0","false","-1","N/A","0","false",,"false","0","false","286205953.785",,"286205953.785","0","false","true",
"C","A","20240101","2024","52","2024","699","IND","India","M","Import","0","W00","World","0","W00","World","H6","HS","true","62","Apparel and clothing accessories; not knitted or crocheted","2","false","C00","TOTAL CPC","0","0","TOTAL MOT","-1","N/A","0","false","-1","N/A","0","false",,"false","0","false","853323485.786",,"853323485.786","0","false","true",
"C","A","20240101","2024","52","2024","699","IND","India","M","Import","0","W00","World","0","W00","World","H6","HS","true","63","Textiles, made up articles; sets; worn clothing and worn textile articles; rags","2","false","C00","TOTAL CPC","0","0","TOTAL MOT","-1","N/A","0","false","-1","N/A","0","false",,"false","0","false","606048126.51",,"606048126.51","0","false","true",
"C","A","20240101","2024","52","2024","699","IND","India","M","Import","0","W00","World","0","W00","World","H6","HS","true","69","Ceramic products","2","false","C00","TOTAL CPC","0","0","TOTAL MOT","-1","N/A","0","false","-1","N/A","0","false",,"false","0","false","941659646.727",,"941659646.727","0","false","true",
"C","A","20240101","2024","52","2024","699","IND","India","M","Import","0","W00","World","0","W00","World","H6","HS","true","72","Iron and steel","2","false","C00","TOTAL CPC","0","0","TOTAL MOT","-1","N/A","0","false","-1","N/A","0","false",,"false","0","false","17416773995.117",,"17416773995.117","0","false","true",
"C","A","20240101","2024","52","2024","699","IND","India","M","Import","0","W00","World","0","W00","World","H6","HS","true","84","Machinery and mechanical appliances, boilers, nuclear reactors; parts thereof","2","false","C00","TOTAL CPC","0","0","TOTAL MOT","-1","N/A","0","false","-1","N/A","0","false",,"false","0","false","60756777228.291",,"60756777228.291","0","false","true",
"C","A","20240101","2024","52","2024","699","IND","India","M","Import","0","W00","World","0","W00","World","H6","HS","true","86","Railway, tramway locomotives, rolling-stock and parts thereof; railway or tramway track fixtures and fittings and parts thereof; mechanical (including electro-mechanical) traffic signalling equipment of all kinds","2","false","C00","TOTAL CPC","0","0","TOTAL MOT","-1","N/A","0","false","-1","N/A","0","false",,"false","0","false","729415261.532",,"729415261.532","0","false","true",
"C","A","20240101","2024","52","2024","699","IND","India","M","Import","0","W00","World","0","W00","World","H6","HS","true","87","Vehicles; other than railway or tramway rolling stock, and parts and accessories thereof","2","false","C00","TOTAL CPC","0","0","TOTAL MOT","-1","N/A","0","false","-1","N/A","0","false",,"false","0","false","7782537079.875",,"7782537079.875","0","false","true",
"C","A","20240101","2024","52","2024","699","IND","India","M","Import","0","W00","World","0","W00","World","H6","HS","true","89","Ships, boats and floating structures","2","false","C00","TOTAL CPC","0","0","TOTAL MOT","-1","N/A","0","false","-1","N/A","0","false",,"false","0","false","4518739180.55",,"4518739180.55","0","false","true",
"C","A","20240101","2024","52","2024","699","IND","India","M","Import","0","W00","World","0","W00","World","H6","HS","true","90","Optical, photographic, cinematographic, measuring, checking, medical or surgical instruments and apparatus; parts and accessories","2","false","C00","TOTAL CPC","0","0","TOTAL MOT","-1","N/A","0","false","-1","N/A","0","false",,"false","0","false","13501438688.774",,"13501438688.774","0","false","true",
"C","A","20240101","2024","52","2024","699","IND","India","M","Import","0","W00","World","0","W00","World","H6","HS","true","92","Musical instruments; parts and accessories of such articles","2","false","C00","TOTAL CPC","0","0","TOTAL MOT","-1","N/A","0","false","-1","N/A","0","false",,"false","0","false","70908135.142",,"70908135.142","0","false","true",
"C","A","20240101","2024","52","2024","699","IND","India","M","Import","0","W00","World","0","W00","World","H6","HS","true","93","Arms and ammunition; parts and accessories thereof","2","false","C00","TOTAL CPC","0","0","TOTAL MOT","-1","N/A","0","false","-1","N/A","0","false",,"false","0","false","191501475.686",,"191501475.686","0","false","true",
"C","A","20240101","2024","52","2024","699","IND","India","M","Import","0","W00","World","0","W00","World","H6","HS","true","96","Miscellaneous manufactured articles","2","false","C00","TOTAL CPC","0","0","TOTAL MOT","-1","N/A","0","false","-1","N/A","0","false",,"false","0","false","666615205.847",,"666615205.847","0","false","true",
"C","A","20240101","2024","52","2024","699","IND","India","M","Import","0","W00","World","0","W00","World","H6","HS","true","10","Cereals","2","false","C00","TOTAL CPC","0","0","TOTAL MOT","-1","N/A","0","false","-1","N/A","0","false",,"false","0","false","329348506.347",,"329348506.347","0","false","true",
"C","A","20240101","2024","52","2024","699","IND","India","M","Import","0","W00","World","0","W00","World","H6","HS","true","13","Lac; gums, resins and other vegetable saps and extracts","2","false","C00","TOTAL CPC","0","0","TOTAL MOT","-1","N/A","0","false","-1","N/A","0","false",,"false","0","false","374050867.901",,"374050867.901","0","false","true",
"C","A","20240101","2024","52","2024","699","IND","India","M","Import","0","W00","World","0","W00","World","H6","HS","true","50","Silk","2","false","C00","TOTAL CPC","0","0","TOTAL MOT","-1","N/A","0","false","-1","N/A","0","false",,"false","0","false","175472137.805",,"175472137.805","0","false","true",
"C","A","20240101","2024","52","2024","699","IND","India","M","Import","0","W00","World","0","W00","World","H6","HS","true","53","Vegetable textile fibres; paper yarn and woven fabrics of paper yarn","2","false","C00","TOTAL CPC","0","0","TOTAL MOT","-1","N/A","0","false","-1","N/A","0","false",,"false","0","false","684472808.197",,"684472808.197","0","false","true",
"C","A","20240101","2024","52","2024","699","IND","India","M","Import","0","W00","World","0","W00","World","H6","HS","true","70","Glass and glassware","2","false","C00","TOTAL CPC","0","0","TOTAL MOT","-1","N/A","0","false","-1","N/A","0","false",,"false","0","false","2000697649.796",,"2000697649.796","0","false","true",
"C","A","20240101","2024","52","2024","699","IND","India","M","Import","0","W00","World","0","W00","World","H6","HS","true","76","Aluminium and articles thereof","2","false","C00","TOTAL CPC","0","0","TOTAL MOT","-1","N/A","0","false","-1","N/A","0","false","0","true","0","false","7670991637.178",,"7670991637.178","4","false","true",
"C","A","20240101","2024","52","2024","699","IND","India","M","Import","0","W00","World","0","W00","World","H6","HS","true","15","Animal, vegetable or microbial fats and oils and their cleavage products; prepared edible fats; animal or vegetable waxes","2","false","C00","TOTAL CPC","0","0","TOTAL MOT","-1","N/A","0","false","-1","N/A","0","false","0","true","0","false","16753750232.039",,"16753750232.039","4","false","true",
"C","A","20240101","2024","52","2024","699","IND","India","M","Import","0","W00","World","0","W00","World","H6","HS","true","18","Cocoa and cocoa preparations","2","false","C00","TOTAL CPC","0","0","TOTAL MOT","-1","N/A","0","false","-1","N/A","0","false","0","true","0","false","866112616.442",,"866112616.442","4","false","true",
"C","A","20240101","2024","52","2024","699","IND","India","M","Import","0","W00","World","0","W00","World","H6","HS","true","35","Albuminoidal substances; modified starches; glues; enzymes","2","false","C00","TOTAL CPC","0","0","TOTAL MOT","-1","N/A","0","false","-1","N/A","0","false","0","true","0","false","902202655.47",,"902202655.47","4","false","true",
"C","A","20240101","2024","52","2024","699","IND","India","M","Import","0","W00","World","0","W00","World","H6","HS","true","38","Chemical products n.e.c.","2","false","C00","TOTAL CPC","0","0","TOTAL MOT","-1","N/A","0","false","-1","N/A","0","false","0","true","0","false","7666424545.855",,"7666424545.855","4","false","true",
"C","A","20240101","2024","52","2024","699","IND","India","M","Import","0","W00","World","0","W00","World","H6","HS","true","41","Raw hides and skins (other than furskins) and leather","2","false","C00","TOTAL CPC","0","0","TOTAL MOT","-1","N/A","0","false","-1","N/A","0","false","0","true","0","false","403199146.092",,"403199146.092","4","false","true",
"C","A","20240101","2024","52","2024","699","IND","India","M","Import","0","W00","World","0","W00","World","H6","HS","true","11","Products of the milling industry; malt, starches, inulin, wheat gluten","2","false","C00","TOTAL CPC","0","0","TOTAL MOT","-1","N/A","0","false","-1","N/A","0","false","0","true","0","false","97096831.108",,"97096831.108","4","false","true",
"C","A","20240101","2024","52","2024","699","IND","India","M","Import","0","W00","World","0","W00","World","H6","HS","true","14","Vegetable plaiting materials; vegetable products not elsewhere specified or included","2","false","C00","TOTAL CPC","0","0","TOTAL MOT","-1","N/A","0","false","-1","N/A","0","false","0","true","0","false","119519071.667",,"119519071.667","4","false","true",
"C","A","20240101","2024","52","2024","699","IND","India","M","Import","0","W00","World","0","W00","World","H6","HS","true","17","Sugars and sugar confectionery","2","false","C00","TOTAL CPC","0","0","TOTAL MOT","-1","N/A","0","false","-1","N/A","0","false","0","true","0","false","1929183190.854",,"1929183190.854","4","false","true",
"C","A","20240101","2024","52","2024","699","IND","India","M","Import","0","W00","World","0","W00","World","H6","HS","true","34","Soap, organic surface-active agents; washing, lubricating, polishing or scouring preparations; artificial or prepared waxes, candles and similar articles, modelling pastes, dental waxes and dental preparations with a basis of plaster","2","false","C00","TOTAL CPC","0","0","TOTAL MOT","-1","N/A","0","false","-1","N/A","0","false","0","true","0","false","1410359995.203",,"1410359995.203","4","false","true",
"C","A","20240101","2024","52","2024","699","IND","India","M","Import","0","W00","World","0","W00","World","H6","HS","true","74","Copper and articles thereof","2","false","C00","TOTAL CPC","0","0","TOTAL MOT","-1","N/A","0","false","-1","N/A","0","false","0","true","0","false","10330217582.426",,"10330217582.426","4","false","true",
"C","A","20240101","2024","52","2024","699","IND","India","M","Import","0","W00","World","0","W00","World","H6","HS","true","78","Lead and articles thereof","2","false","C00","TOTAL CPC","0","0","TOTAL MOT","-1","N/A","0","false","-1","N/A","0","false","0","true","0","false","1261217884.211",,"1261217884.211","4","false","true",
"C","A","20240101","2024","52","2024","699","IND","India","M","Import","0","W00","World","0","W00","World","H6","HS","true","81","Metals; n.e.c., cermets and articles thereof","2","false","C00","TOTAL CPC","0","0","TOTAL MOT","-1","N/A","0","false","-1","N/A","0","false","0","true","0","false","657258421.897",,"657258421.897","4","false","true",
"C","A","20240101","2024","52","2024","699","IND","India","M","Import","0","W00","World","0","W00","World","H6","HS","true","04","Dairy produce; birds' eggs; natural honey; edible products of animal origin, not elsewhere specified or included","2","false","C00","TOTAL CPC","0","0","TOTAL MOT","-1","N/A","0","false","-1","N/A","0","false","0","true","0","false","43286346.691",,"43286346.691","4","false","true",
"C","A","20240101","2024","52","2024","699","IND","India","M","Import","0","W00","World","0","W00","World","H6","HS","true","07","Vegetables and certain roots and tubers; edible","2","false","C00","TOTAL CPC","0","0","TOTAL MOT","-1","N/A","0","false","-1","N/A","0","false","0","true","0","false","5101692258.814",,"5101692258.814","4","false","true",
"C","A","20240101","2024","52","2024","699","IND","India","M","Import","0","W00","World","0","W00","World","H6","HS","true","21","Miscellaneous edible preparations","2","false","C00","TOTAL CPC","0","0","TOTAL MOT","-1","N/A","0","false","-1","N/A","0","false","0","true","0","false","212314886.333",,"212314886.333","4","false","true",
"C","A","20240101","2024","52","2024","699","IND","India","M","Import","0","W00","World","0","W00","World","H6","HS","true","24","Tobacco and manufactured tobacco substitutes; products, whether or not containing nicotine, intended for inhalation without combustion; other nicotine containing products intended for the intake of nicotine into the human body","2","false","C00","TOTAL CPC","0","0","TOTAL MOT","-1","N/A","0","false","-1","N/A","0","false","0","true","0","false","116366018.31",,"116366018.31","4","false","true",
"C","A","20240101","2024","52","2024","699","IND","India","M","Import","0","W00","World","0","W00","World","H6","HS","true","27","Mineral fuels, mineral oils and products of their distillation; bituminous substances; mineral waxes","2","false","C00","TOTAL CPC","0","0","TOTAL MOT","-1","N/A","0","false","-1","N/A","0","false","0","true","0","false","217944546880.299",,"217944546880.299","4","false","true",
"C","A","20240101","2024","52","2024","699","IND","India","M","Import","0","W00","World","0","W00","World","H6","HS","true","67","Feathers and down, prepared; and articles made of feather or of down; artificial flowers; articles of human hair","2","false","C00","TOTAL CPC","0","0","TOTAL MOT","-1","N/A","0","false","-1","N/A","0","false","0","true","0","false","34575743.461",,"34575743.461","4","false","true",
"C","A","20240101","2024","52","2024","699","IND","India","M","Import","0","W00","World","0","W00","World","H6","HS","true","05","Animal originated products; not elsewhere specified or included","2","false","C00","TOTAL CPC","0","0","TOTAL MOT","-1","N/A","0","false","-1","N/A","0","false","0","true","0","false","44826781.499",,"44826781.499","4","false","true",
"C","A","20240101","2024","52","2024","699","IND","India","M","Import","0","W00","World","0","W00","World","H6","HS","true","06","Trees and other plants, live; bulbs, roots and the like; cut flowers and ornamental foliage","2","false","C00","TOTAL CPC","0","0","TOTAL MOT","-1","N/A","0","false","-1","N/A","0","false","0","true","0","false","54150722.276",,"54150722.276","4","false","true",
"C","A","20240101","2024","52","2024","699","IND","India","M","Import","0","W00","World","0","W00","World","H6","HS","true","08","Fruit and nuts, edible; peel of citrus fruit or melons","2","false","C00","TOTAL CPC","0","0","TOTAL MOT","-1","N/A","0","false","-1","N/A","0","false","0","true","0","false","4538300495.742",,"4538300495.742","4","false","true",
"C","A","20240101","2024","52","2024","699","IND","India","M","Import","0","W00","World","0","W00","World","H6","HS","true","12","Oil seeds and oleaginous fruits; miscellaneous grains, seeds and fruit, industrial or medicinal plants; straw and fodder","2","false","C00","TOTAL CPC","0","0","TOTAL MOT","-1","N/A","0","false","-1","N/A","0","false","0","true","0","false","1118523830.045",,"1118523830.045","4","false","true",
"C","A","20240101","2024","52","2024","699","IND","India","M","Import","0","W00","World","0","W00","World","H6","HS","true","19","Preparations of cereals, flour, starch or milk; pastrycooks' products","2","false","C00","TOTAL CPC","0","0","TOTAL MOT","-1","N/A","0","false","-1","N/A","0","false","0","true","0","false","169897482.175",,"169897482.175","4","false","true",
"C","A","20240101","2024","52","2024","699","IND","India","M","Import","0","W00","World","0","W00","World","H6","HS","true","20","Preparations of vegetables, fruit, nuts or other parts of plants","2","false","C00","TOTAL CPC","0","0","TOTAL MOT","-1","N/A","0","false","-1","N/A","0","false","0","true","0","false","165463900.469",,"165463900.469","4","false","true",
"C","A","20240101","2024","52","2024","699","IND","India","M","Import","0","W00","World","0","W00","World","H6","HS","true","22","Beverages, spirits and vinegar","2","false","C00","TOTAL CPC","0","0","TOTAL MOT","-1","N/A","0","false","-1","N/A","0","false","0","true","0","false","1318594066.644",,"1318594066.644","4","false","true",
"C","A","20240101","2024","52","2024","699","IND","India","M","Import","0","W00","World","0","W00","World","H6","HS","true","23","Food industries, residues and wastes thereof; prepared animal fodder","2","false","C00","TOTAL CPC","0","0","TOTAL MOT","-1","N/A","0","false","-1","N/A","0","false","0","true","0","false","681962080.478",,"681962080.478","4","false","true",
"C","A","20240101","2024","52","2024","699","IND","India","M","Import","0","W00","World","0","W00","World","H6","HS","true","26","Ores, slag and ash","2","false","C00","TOTAL CPC","0","0","TOTAL MOT","-1","N/A","0","false","-1","N/A","0","false","0","true","0","false","6844982366.235",,"6844982366.235","4","false","true",
"C","A","20240101","2024","52","2024","699","IND","India","M","Import","0","W00","World","0","W00","World","H6","HS","true","29","Organic chemicals","2","false","C00","TOTAL CPC","0","0","TOTAL MOT","-1","N/A","0","false","-1","N/A","0","false","0","true","0","false","25651611671.538",,"25651611671.538","4","false","true",
"C","A","20240101","2024","52","2024","699","IND","India","M","Import","0","W00","World","0","W00","World","H6","HS","true","32","Tanning or dyeing extracts; tannins and their derivatives; dyes, pigments and other colouring matter; paints, varnishes; putty, other mastics; inks","2","false","C00","TOTAL CPC","0","0","TOTAL MOT","-1","N/A","0","false","-1","N/A","0","false","0","true","0","false","2787629957.274",,"2787629957.274","4","false","true",
"C","A","20240101","2024","52","2024","699","IND","India","M","Import","0","W00","World","0","W00","World","H6","HS","true","39","Plastics and articles thereof","2","false","C00","TOTAL CPC","0","0","TOTAL MOT","-1","N/A","0","false","-1","N/A","0","false","0","true","0","false","21609708039.321",,"21609708039.321","4","false","true",
"C","A","20240101","2024","52","2024","699","IND","India","M","Import","0","W00","World","0","W00","World","H6","HS","true","45","Cork and articles of cork","2","false","C00","TOTAL CPC","0","0","TOTAL MOT","-1","N/A","0","false","-1","N/A","0","false","0","true","0","false","12150329.413",,"12150329.413","4","false","true",
"C","A","20240101","2024","52","2024","699","IND","India","M","Import","0","W00","World","0","W00","World","H6","HS","true","46","Manufactures of straw, esparto or other plaiting materials; basketware and wickerwork","2","false","C00","TOTAL CPC","0","0","TOTAL MOT","-1","N/A","0","false","-1","N/A","0","false","0","true","0","false","9406172.99",,"9406172.99","4","false","true",
"C","A","20240101","2024","52","2024","699","IND","India","M","Import","0","W00","World","0","W00","World","H6","HS","true","48","Paper and paperboard; articles of paper pulp, of paper or paperboard","2","false","C00","TOTAL CPC","0","0","TOTAL MOT","-1","N/A","0","false","-1","N/A","0","false","0","true","0","false","3193004417.078",,"3193004417.078","4","false","true",
"C","A","20240101","2024","52","2024","699","IND","India","M","Import","0","W00","World","0","W00","World","H6","HS","true","49","Printed books, newspapers, pictures and other products of the printing industry; manuscripts, typescripts and plans","2","false","C00","TOTAL CPC","0","0","TOTAL MOT","-1","N/A","0","false","-1","N/A","0","false","0","true","0","false","251812050.597",,"251812050.597","4","false","true",
"C","A","20240101","2024","52","2024","699","IND","India","M","Import","0","W00","World","0","W00","World","H6","HS","true","52","Cotton","2","false","C00","TOTAL CPC","0","0","TOTAL MOT","-1","N/A","0","false","-1","N/A","0","false","0","true","0","false","1199585989.48",,"1199585989.48","4","false","true",
"C","A","20240101","2024","52","2024","699","IND","India","M","Import","0","W00","World","0","W00","World","H6","HS","true","59","Textile fabrics; impregnated, coated, covered or laminated; textile articles of a kind suitable for industrial use","2","false","C00","TOTAL CPC","0","0","TOTAL MOT","-1","N/A","0","false","-1","N/A","0","false","0","true","0","false","766746013.137",,"766746013.137","4","false","true",
"C","A","20240101","2024","52","2024","699","IND","India","M","Import","0","W00","World","0","W00","World","H6","HS","true","60","Fabrics; knitted or crocheted","2","false","C00","TOTAL CPC","0","0","TOTAL MOT","-1","N/A","0","false","-1","N/A","0","false","0","true","0","false","828465170.095",,"828465170.095","4","false","true",
"C","A","20240101","2024","52","2024","699","IND","India","M","Import","0","W00","World","0","W00","World","H6","HS","true","65","Headgear and parts thereof","2","false","C00","TOTAL CPC","0","0","TOTAL MOT","-1","N/A","0","false","-1","N/A","0","false","0","true","0","false","39759681.24",,"39759681.24","4","false","true",
"C","A","20240101","2024","52","2024","699","IND","India","M","Import","0","W00","World","0","W00","World","H6","HS","true","66","Umbrellas, sun umbrellas, walking-sticks, seat sticks, whips, riding crops; and parts thereof","2","false","C00","TOTAL CPC","0","0","TOTAL MOT","-1","N/A","0","false","-1","N/A","0","false","0","true","0","false","51107997.303",,"51107997.303","4","false","true",
"C","A","20240101","2024","52","2024","699","IND","India","M","Import","0","W00","World","0","W00","World","H6","HS","true","68","Stone, plaster, cement, asbestos, mica or similar materials; articles thereof","2","false","C00","TOTAL CPC","0","0","TOTAL MOT","-1","N/A","0","false","-1","N/A","0","false","0","true","0","false","1025517971.271",,"1025517971.271","4","false","true",
"C","A","20240101","2024","52","2024","699","IND","India","M","Import","0","W00","World","0","W00","World","H6","HS","true","71","Natural, cultured pearls; precious, semi-precious stones; precious metals, metals clad with precious metal, and articles thereof; imitation jewellery; coin","2","false","C00","TOTAL CPC","0","0","TOTAL MOT","-1","N/A","0","false","-1","N/A","0","false","0","true","0","false","89440640277.261",,"89440640277.261","4","false","true",
"C","A","20240101","2024","52","2024","699","IND","India","M","Import","0","W00","World","0","W00","World","H6","HS","true","75","Nickel and articles thereof","2","false","C00","TOTAL CPC","0","0","TOTAL MOT","-1","N/A","0","false","-1","N/A","0","false","0","true","0","false","1264556220.622",,"1264556220.622","4","false","true",
"C","A","20240101","2024","52","2024","699","IND","India","M","Import","0","W00","World","0","W00","World","H6","HS","true","80","Tin; articles thereof","2","false","C00","TOTAL CPC","0","0","TOTAL MOT","-1","N/A","0","false","-1","N/A","0","false","0","true","0","false","430923226.12",,"430923226.12","4","false","true",
"C","A","20240101","2024","52","2024","699","IND","India","M","Import","0","W00","World","0","W00","World","H6","HS","true","83","Metal; miscellaneous products of base metal","2","false","C00","TOTAL CPC","0","0","TOTAL MOT","-1","N/A","0","false","-1","N/A","0","false","0","true","0","false","1217918813.508",,"1217918813.508","4","false","true",
"C","A","20240101","2024","52","2024","699","IND","India","M","Import","0","W00","World","0","W00","World","H6","HS","true","30","Pharmaceutical products","2","false","C00","TOTAL CPC","0","0","TOTAL MOT","-1","N/A","0","false","-1","N/A","0","false","0","true","0","false","2797481201.604",,"2797481201.604","4","false","true",
"C","A","20240101","2024","52","2024","699","IND","India","M","Import","0","W00","World","0","W00","World","H6","HS","true","33","Essential oils and resinoids; perfumery, cosmetic or toilet preparations","2","false","C00","TOTAL CPC","0","0","TOTAL MOT","-1","N/A","0","false","-1","N/A","0","false","0","true","0","false","1369868776.854",,"1369868776.854","4","false","true",
"C","A","20240101","2024","52","2024","699","IND","India","M","Import","0","W00","World","0","W00","World","H6","HS","true","36","Explosives; pyrotechnic products; matches; pyrophoric alloys; certain combustible preparations","2","false","C00","TOTAL CPC","0","0","TOTAL MOT","-1","N/A","0","false","-1","N/A","0","false","0","true","0","false","22991815.964",,"22991815.964","4","false","true",
"C","A","20240101","2024","52","2024","699","IND","India","M","Import","0","W00","World","0","W00","World","H6","HS","true","56","Wadding, felt and nonwovens, special yarns; twine, cordage, ropes and cables and articles thereof","2","false","C00","TOTAL CPC","0","0","TOTAL MOT","-1","N/A","0","false","-1","N/A","0","false","0","true","0","false","444851024.64",,"444851024.64","4","false","true",
"C","A","20240101","2024","52","2024","699","IND","India","M","Import","0","W00","World","0","W00","World","H6","HS","true","02","Meat and edible meat offal","2","false","C00","TOTAL CPC","0","0","TOTAL MOT","-1","N/A","0","false","-1","N/A","0","false","0","false","0","false","7352823.756",,"7352823.756","0","false","true",
"C","A","20240101","2024","52","2024","699","IND","India","M","Import","0","W00","World","0","W00","World","H6","HS","true","03","Fish and crustaceans, molluscs and other aquatic invertebrates","2","false","C00","TOTAL CPC","0","0","TOTAL MOT","-1","N/A","0","false","-1","N/A","0","false","0","false","0","false","213587402.739",,"213587402.739","0","false","true",
"C","A","20240101","2024","52","2024","699","IND","India","M","Import","0","W00","World","0","W00","World","H6","HS","true","16","Meat, fish, crustaceans, molluscs or other aquatic invertebrates, or insects; preparations thereof","2","false","C00","TOTAL CPC","0","0","TOTAL MOT","-1","N/A","0","false","-1","N/A","0","false","0","false","0","false","7555960.77",,"7555960.77","0","false","true",
